"","hid","SpeciesName","Abundance","regency","village","pid","crop","wave"
"1",12,"Endospermum diadenum","3","Sarolangun","Pematang Kolim",1,"Rubber",2018
"2",12,"Sauropus androgynus","6","Sarolangun","Pematang Kolim",1,"Rubber",2018
"3",12,"Rothmannia macrophylla","1","Sarolangun","Pematang Kolim",1,"Rubber",2018
"4",12,"Macaranga bancana","1","Sarolangun","Pematang Kolim",1,"Rubber",2018
"5",12,"Melastoma malabathricum","6","Sarolangun","Pematang Kolim",1,"Rubber",2018
"6",12,"Rolandra fruticosa","8","Sarolangun","Pematang Kolim",1,"Rubber",2018
"7",12,"Scleria ciliaris","45","Sarolangun","Pematang Kolim",1,"Rubber",2018
"8",12,"Taenitis blechnoides","6","Sarolangun","Pematang Kolim",1,"Rubber",2018
"9",12,"Tetracera indica","1","Sarolangun","Pematang Kolim",1,"Rubber",2018
"10",12,"Leptaspis urceolata","23","Sarolangun","Pematang Kolim",1,"Rubber",2018
"11",12,"Cyrtococcum patens","232","Sarolangun","Pematang Kolim",1,"Rubber",2018
"12",12,"Asystasia gangetica","12","Sarolangun","Pematang Kolim",1,"Rubber",2018
"13",12,"Clidemia hirta","76","Sarolangun","Pematang Kolim",1,"Rubber",2018
"14",12,"Dicranopteris linearis","12","Sarolangun","Pematang Kolim",1,"Rubber",2018
"15",12,"Uncaria Cordata","4","Sarolangun","Pematang Kolim",1,"Rubber",2018
"16",12,"Lindsaea ensifolia","12","Sarolangun","Pematang Kolim",1,"Rubber",2018
"17",12,"LN: Pulai","2","Sarolangun","Pematang Kolim",1,"Rubber",2018
"18",12,"Hevea Brasiliensis","7","Sarolangun","Pematang Kolim",1,"Rubber",2018
"19",15,"Jengkol ","2","Sarolangun","Pematang Kolim",1,"Rubber",2018
"20",15,"Lindsaea ensifolia","2","Sarolangun","Pematang Kolim",1,"Rubber",2018
"21",15,"Tumbuhan Paku","30","Sarolangun","Pematang Kolim",1,"Rubber",2018
"22",15,"Clidemia hirta","62","Sarolangun","Pematang Kolim",1,"Rubber",2018
"23",15,"MS: Mirip Karet","206","Sarolangun","Pematang Kolim",1,"Rubber",2018
"24",15,"Asystasia gangetica","2","Sarolangun","Pematang Kolim",1,"Rubber",2018
"25",22,"Clidemia hirta","12","Sarolangun","Pematang Kolim",3,"Rubber",2018
"26",22,"Asystasia gangetica","20","Sarolangun","Pematang Kolim",3,"Rubber",2018
"27",22,"Melastoma malabathricum","35","Sarolangun","Pematang Kolim",3,"Rubber",2018
"28",22,"Dicranopteris linearis","3","Sarolangun","Pematang Kolim",3,"Rubber",2018
"29",22,"Lindsaea ensifolia","2","Sarolangun","Pematang Kolim",3,"Rubber",2018
"30",22,"LN: Cabe-cabean","1","Sarolangun","Pematang Kolim",3,"Rubber",2018
"31",22,"Scleria ciliaris","33","Sarolangun","Pematang Kolim",3,"Rubber",2018
"32",22,"Vittaria ensiformis","7","Sarolangun","Pematang Kolim",3,"Rubber",2018
"33",22,"Centotheca lappacea","120","Sarolangun","Pematang Kolim",3,"Rubber",2018
"34",22,"Daun Hati","55","Sarolangun","Pematang Kolim",3,"Rubber",2018
"35",22,"Paspalum dilatatum","55","Sarolangun","Pematang Kolim",3,"Rubber",2018
"36",22,"MS: Mirip Karet","57","Sarolangun","Pematang Kolim",3,"Rubber",2018
"37",25,"Clidemia hirta","231","Sarolangun","Batu Putih",3,"Rubber",2018
"38",25,"Dicranopteris linearis","76","Sarolangun","Batu Putih",3,"Rubber",2018
"39",25,"Axonopus compressus","73","Sarolangun","Batu Putih",3,"Rubber",2018
"40",25,"LN: Paku rambat keriting","164","Sarolangun","Batu Putih",3,"Rubber",2018
"41",25,"Melastoma malabathricum","64","Sarolangun","Batu Putih",3,"Rubber",2018
"42",25,"Goniophlebium verrucosum","21","Sarolangun","Batu Putih",3,"Rubber",2018
"43",25,"Lindsaea ensifolia","6","Sarolangun","Batu Putih",3,"Rubber",2018
"44",25,"Mirip Sellaginela","54","Sarolangun","Batu Putih",3,"Rubber",2018
"45",25,"Cyrtococcum patens","81","Sarolangun","Batu Putih",3,"Rubber",2018
"46",29,"Lindsaea ensifolia","83","Sarolangun","Batu Putih",1,"Rubber",2018
"47",29,"Melastoma malabathricum","12","Sarolangun","Batu Putih",1,"Rubber",2018
"48",29,"Dicranopteris linearis","328","Sarolangun","Batu Putih",1,"Rubber",2018
"49",29,"Scleria ciliaris","35","Sarolangun","Batu Putih",1,"Rubber",2018
"50",29,"Endospermum diadenum","4","Sarolangun","Batu Putih",1,"Rubber",2018
"51",29,"MS: Paku rambat keriting","72","Sarolangun","Batu Putih",1,"Rubber",2018
"52",29,"Mussaenda frondosa","12","Sarolangun","Batu Putih",1,"Rubber",2018
"53",29,"Uncaria Cordata","6","Sarolangun","Batu Putih",1,"Rubber",2018
"54",29,"Sauropus androgynus","3","Sarolangun","Batu Putih",1,"Rubber",2018
"55",29,"Calopogonium Mucunoides","13","Sarolangun","Batu Putih",1,"Rubber",2018
"56",29,"Kayu Tutup","2","Sarolangun","Batu Putih",1,"Rubber",2018
"57",29,"Clidemia hirta","29","Sarolangun","Batu Putih",1,"Rubber",2018
"58",29,"Mirip Pulai Pipit","4","Sarolangun","Batu Putih",1,"Rubber",2018
"59",34,"Axonopus compressus","35","Sarolangun","Batu Putih",5,"Rubber",2018
"60",34,"Clidemia hirta","35","Sarolangun","Batu Putih",5,"Rubber",2018
"61",34,"LN: Lengkuas","1","Sarolangun","Batu Putih",5,"Rubber",2018
"62",34,"Melastoma malabathricum","18","Sarolangun","Batu Putih",5,"Rubber",2018
"63",34,"Leptaspis urceolata","44","Sarolangun","Batu Putih",5,"Rubber",2018
"64",34,"Dicranopteris linearis","4","Sarolangun","Batu Putih",5,"Rubber",2018
"65",34,"Daun Belakang Merah","4","Sarolangun","Batu Putih",5,"Rubber",2018
"66",34,"Mirip Ensospermum","2","Sarolangun","Batu Putih",5,"Rubber",2018
"67",34,"Mirip Daun Salam","1","Sarolangun","Batu Putih",5,"Rubber",2018
"68",34,"Paspalum dilatatum","51","Sarolangun","Batu Putih",5,"Rubber",2018
"69",34,"Ageratum conyzoides","2","Sarolangun","Batu Putih",5,"Rubber",2018
"70",34,"Asystasia gangetica","82","Sarolangun","Batu Putih",5,"Rubber",2018
"71",34,"Peperomia Pellucida","20","Sarolangun","Batu Putih",5,"Rubber",2018
"72",37,"Croton hirtus","1","Sarolangun","Batu Putih",1,"Rubber",2018
"73",37,"Dicranopteris linearis","5","Sarolangun","Batu Putih",1,"Rubber",2018
"74",37,"Lindsaea ensifolia","7","Sarolangun","Batu Putih",1,"Rubber",2018
"75",37,"Clidemia hirta","341","Sarolangun","Batu Putih",1,"Rubber",2018
"76",37,"Melastoma malabathricum","121","Sarolangun","Batu Putih",1,"Rubber",2018
"77",37,"Leptaspis urceolata","821","Sarolangun","Batu Putih",1,"Rubber",2018
"78",37,"Endospermum diadenum","1","Sarolangun","Batu Putih",1,"Rubber",2018
"79",37,"Lygodium salicifolium","6","Sarolangun","Batu Putih",1,"Rubber",2018
"80",37,"Cyrtococcum patens","2320","Sarolangun","Batu Putih",1,"Rubber",2018
"81",37,"Daun Hati","25","Sarolangun","Batu Putih",1,"Rubber",2018
"82",37,"Mirip Daun Jati","1","Sarolangun","Batu Putih",1,"Rubber",2018
"83",37,"helminthostachys","5","Sarolangun","Batu Putih",1,"Rubber",2018
"84",37,"Buah berbulu","2","Sarolangun","Batu Putih",1,"Rubber",2018
"85",37,"Daun Bergerigi","2","Sarolangun","Batu Putih",1,"Rubber",2018
"86",39,"Clidemia hirta","130","Sarolangun","Batu Putih",1,"Rubber",2018
"87",39,"Davallia denticulata","11","Sarolangun","Batu Putih",1,"Rubber",2018
"88",39,"Lindsaea ensifolia","11","Sarolangun","Batu Putih",1,"Rubber",2018
"89",39,"Mangifera indica","15","Sarolangun","Batu Putih",1,"Rubber",2018
"90",39,"Mimosa pudica","2","Sarolangun","Batu Putih",1,"Rubber",2018
"91",39,"Phylanthus urinaria","5","Sarolangun","Batu Putih",1,"Rubber",2018
"92",39,"LN: Laos- Laosan","1","Sarolangun","Batu Putih",1,"Rubber",2018
"93",39,"Stachytarpheta indica","120","Sarolangun","Batu Putih",1,"Rubber",2018
"94",39,"Polygala paniculata","12","Sarolangun","Batu Putih",1,"Rubber",2018
"95",39,"Leptaspis urceolata","342","Sarolangun","Batu Putih",1,"Rubber",2018
"96",39,"Scleria ciliaris","52","Sarolangun","Batu Putih",1,"Rubber",2018
"97",39,"Asystasia gangetica","116","Sarolangun","Batu Putih",1,"Rubber",2018
"98",39,"Cyrtococcum patens","560","Sarolangun","Batu Putih",1,"Rubber",2018
"99",39,"Daun Jarak","17","Sarolangun","Batu Putih",1,"Rubber",2018
"100",39,"Ageratum conyzoides","56","Sarolangun","Batu Putih",1,"Rubber",2018
"101",39,"Asystasia gangetica","116","Sarolangun","Batu Putih",1,"Rubber",2018
"102",39,"Clidemia hirta","130","Sarolangun","Batu Putih",1,"Rubber",2018
"103",39,"Davallia denticulata","11","Sarolangun","Batu Putih",1,"Rubber",2018
"104",39,"Lindsaea ensifolia","11","Sarolangun","Batu Putih",1,"Rubber",2018
"105",39,"LN: Laos- Laosan","1","Sarolangun","Batu Putih",1,"Rubber",2018
"106",39,"Mangifera indica","15","Sarolangun","Batu Putih",1,"Rubber",2018
"107",39,"Mimosa pudica","2","Sarolangun","Batu Putih",1,"Rubber",2018
"108",39,"Phylanthus urinaria","5","Sarolangun","Batu Putih",1,"Rubber",2018
"109",39,"similar to daun katu","23","Sarolangun","Batu Putih",1,"Rubber",2018
"110",39,"Polygala paniculata","21","Sarolangun","Batu Putih",1,"Rubber",2018
"111",39,"Ageratum conyzoides","56","Sarolangun","Batu Putih",1,"Rubber",2018
"112",39,"Polygala paniculata","12","Sarolangun","Batu Putih",1,"Rubber",2018
"113",39,"Leptaspis urceolata","342","Sarolangun","Batu Putih",1,"Rubber",2018
"114",39,"similar to daun katu","23","Sarolangun","Batu Putih",1,"Rubber",2018
"115",39,"Polygala paniculata","21","Sarolangun","Batu Putih",1,"Rubber",2018
"116",39,"Cyrtococcum patens","560","Sarolangun","Batu Putih",1,"Rubber",2018
"117",39,"Daun Jarak","17","Sarolangun","Batu Putih",1,"Rubber",2018
"118",39,"Scleria ciliaris","52","Sarolangun","Batu Putih",1,"Rubber",2018
"119",39,"Stachytarpheta indica","120","Sarolangun","Batu Putih",1,"Rubber",2018
"120",40,"Asystasia gangetica","81","Sarolangun","Batu Putih",1,"Palm Oil",2018
"121",40,"Leptaspis urceolata","20","Sarolangun","Batu Putih",1,"Palm Oil",2018
"122",40,"Cyrtococcum patens","12","Sarolangun","Batu Putih",1,"Palm Oil",2018
"123",40,"Clidemia hirta","26","Sarolangun","Batu Putih",1,"Palm Oil",2018
"124",40,"Melastoma malabathricum","2","Sarolangun","Batu Putih",1,"Palm Oil",2018
"125",44,"Melastoma malabathricum","60","Sarolangun","Bukit Talang Mas",2,"Rubber",2018
"126",44,"Leptaspis urceolata","81","Sarolangun","Bukit Talang Mas",2,"Rubber",2018
"127",44,"Cyrtococcum patens","1242","Sarolangun","Bukit Talang Mas",2,"Rubber",2018
"128",44,"Centotheca lappacea","1052","Sarolangun","Bukit Talang Mas",2,"Rubber",2018
"129",44,"daun berbulu","2","Sarolangun","Bukit Talang Mas",2,"Rubber",2018
"130",44,"Lindsaea ensifolia","5","Sarolangun","Bukit Talang Mas",2,"Rubber",2018
"131",44,"Asystasia gangetica","352","Sarolangun","Bukit Talang Mas",2,"Rubber",2018
"132",44,"Clidemia hirta","130","Sarolangun","Bukit Talang Mas",2,"Rubber",2018
"133",46,"Clidemia hirta","3","Sarolangun","Bukit Murau",2,"Rubber",2018
"134",46,"Asystasia gangetica","69","Sarolangun","Bukit Murau",2,"Rubber",2018
"135",46,"Rhynchospora Colorata","23","Sarolangun","Bukit Murau",2,"Rubber",2018
"136",46,"Phylanthus urinaria","3","Sarolangun","Bukit Murau",2,"Rubber",2018
"137",46,"Rolandra fruticosa","5","Sarolangun","Bukit Murau",2,"Rubber",2018
"138",46,"Spermaococe cristata","4","Sarolangun","Bukit Murau",2,"Rubber",2018
"139",46,"Jamur Tanah","2","Sarolangun","Bukit Murau",2,"Rubber",2018
"140",46,"Mirip Waru","1","Sarolangun","Bukit Murau",2,"Rubber",2018
"141",47,"Blechnum orientale","7","Sarolangun","Bukit Murau",2,"Rubber",2018
"142",47,"Clidemia hirta","35","Sarolangun","Bukit Murau",2,"Rubber",2018
"143",47,"LN: Pulai","2","Sarolangun","Bukit Murau",2,"Rubber",2018
"144",47,"Lygodium salicifolium","4","Sarolangun","Bukit Murau",2,"Rubber",2018
"145",47,"Imperata cylindrica","43","Sarolangun","Bukit Murau",2,"Rubber",2018
"146",47,"Lindsaea ensifolia","3","Sarolangun","Bukit Murau",2,"Rubber",2018
"147",47,"Cyrtococcum patens","103","Sarolangun","Bukit Murau",2,"Rubber",2018
"148",47,"Mangifera indica","7","Sarolangun","Bukit Murau",2,"Rubber",2018
"149",47,"Mimosa pudica","8","Sarolangun","Bukit Murau",2,"Rubber",2018
"150",47,"Ubi Kayu","6","Sarolangun","Bukit Murau",2,"Rubber",2018
"151",47,"Asystasia gangetica","243","Sarolangun","Bukit Murau",2,"Rubber",2018
"152",47,"Jambu bol","1","Sarolangun","Bukit Murau",2,"Rubber",2018
"153",47,"Calopogonium Mucunoides","1","Sarolangun","Bukit Murau",2,"Rubber",2018
"154",47,"Scoparia Dulcis","2","Sarolangun","Bukit Murau",2,"Rubber",2018
"155",54,"Ageratum conyzoides","15","Sarolangun","Bukit talang mas",1,"Rubber",2018
"156",54,"Asystasia gangetica","51","Sarolangun","Bukit talang mas",1,"Rubber",2018
"157",54,"Mimosa pudica","7","Sarolangun","Bukit talang mas",1,"Rubber",2018
"158",54,"Paspalum dilatatum","9","Sarolangun","Bukit talang mas",1,"Rubber",2018
"159",54,"Imperata cylindrica","20","Sarolangun","Bukit talang mas",1,"Rubber",2018
"160",54,"Melastoma malabathricum","36","Sarolangun","Bukit talang mas",1,"Rubber",2018
"161",54,"Polygala paniculata","15","Sarolangun","Bukit talang mas",1,"Rubber",2018
"162",54,"Centotheca lappacea","230","Sarolangun","Bukit talang mas",1,"Rubber",2018
"163",54,"Scleria ciliaris","12","Sarolangun","Bukit talang mas",1,"Rubber",2018
"164",54,"Daun Hati","655","Sarolangun","Bukit talang mas",1,"Rubber",2018
"165",56,"Lindsaea ensifolia","12","Sarolangun","Bukit Murau",1,"Rubber",2018
"166",56,"Melastoma malabathricum","6","Sarolangun","Bukit Murau",1,"Rubber",2018
"167",56,"Scleria ciliaris","8","Sarolangun","Bukit Murau",1,"Rubber",2018
"168",56,"Sauropus androgynus","6","Sarolangun","Bukit Murau",1,"Rubber",2018
"169",56,"Ophioglossum Pendulum","3","Sarolangun","Bukit Murau",1,"Rubber",2018
"170",56,"Leptaspis urceolata","32","Sarolangun","Bukit Murau",1,"Rubber",2018
"171",56,"Axonopus compressus","24","Sarolangun","Bukit Murau",1,"Rubber",2018
"172",56,"Clidemia hirta","564","Sarolangun","Bukit Murau",1,"Rubber",2018
"173",56,"Dicranopteris linearis","26","Sarolangun","Bukit Murau",1,"Rubber",2018
"174",60,"Asplenium nidus","1","Sarolangun","Bukit Talang Mas",2,"Rubber",2018
"175",60,"Davallia denticulata","5","Sarolangun","Bukit Talang Mas",2,"Rubber",2018
"176",60,"Asystasia gangetica","1230","Sarolangun","Bukit Talang Mas",2,"Rubber",2018
"177",60,"Axonopus compressus","2300","Sarolangun","Bukit Talang Mas",2,"Rubber",2018
"178",60,"Clidemia hirta","200","Sarolangun","Bukit Talang Mas",2,"Rubber",2018
"179",60,"Daun Hati","500","Sarolangun","Bukit Talang Mas",2,"Rubber",2018
"180",60,"Scleria ciliaris","12","Sarolangun","Bukit Talang Mas",2,"Rubber",2018
"181",60,"Leptaspis urceolata","120","Sarolangun","Bukit Talang Mas",2,"Rubber",2018
"182",63,"Asystasia gangetica","63","Sarolangun","Bukit Murau",1,"Rubber",2018
"183",63,"Ageratum conyzoides","25","Sarolangun","Bukit Murau",1,"Rubber",2018
"184",63,"Lygodium circinatum","3","Sarolangun","Bukit Murau",1,"Rubber",2018
"185",63,"Axonopus compressus","78","Sarolangun","Bukit Murau",1,"Rubber",2018
"186",63,"Clidemia hirta","56","Sarolangun","Bukit Murau",1,"Rubber",2018
"187",63,"Ludwigia octovalvis","4","Sarolangun","Bukit Murau",1,"Rubber",2018
"188",63,"Phylanthus urinaria","8","Sarolangun","Bukit Murau",1,"Rubber",2018
"189",63,"Melastoma malabathricum","15","Sarolangun","Bukit Murau",1,"Rubber",2018
"190",63,"Mimosa pudica","15","Sarolangun","Bukit Murau",1,"Rubber",2018
"191",63,"Mussaenda frondosa","9","Sarolangun","Bukit Murau",1,"Rubber",2018
"192",63,"Cleome Rutidosperma","34","Sarolangun","Bukit Murau",1,"Rubber",2018
"193",63,"Calopogonium Mucunoides","8","Sarolangun","Bukit Murau",1,"Rubber",2018
"194",63,"Endospermum diadenum","4","Sarolangun","Bukit Murau",1,"Rubber",2018
"195",63,"Leptaspis urceolata","24","Sarolangun","Bukit Murau",1,"Rubber",2018
"196",63,"Cyrtococcum patens","89","Sarolangun","Bukit Murau",1,"Rubber",2018
"197",63,"Paspalum dilatatum","14","Sarolangun","Bukit Murau",1,"Rubber",2018
"198",63,"Gerombola hijau","13","Sarolangun","Bukit Murau",1,"Rubber",2018
"199",63,"Polygala paniculata","6","Sarolangun","Bukit Murau",1,"Rubber",2018
"200",70,"Asystasia gangetica","181","Sarolangun","Payo Lebar",1,"Rubber",2018
"201",70,"Molineria latifolia","1","Sarolangun","Payo Lebar",1,"Rubber",2018
"202",70,"Scleria ciliaris","57","Sarolangun","Payo Lebar",1,"Rubber",2018
"203",70,"Endospermum diadenum","1","Sarolangun","Payo Lebar",1,"Rubber",2018
"204",70,"Leptaspis urceolata","20","Sarolangun","Payo Lebar",1,"Rubber",2018
"205",70,"Cyrtococcum patens","425","Sarolangun","Payo Lebar",1,"Rubber",2018
"206",71,"Melastoma affine","2","Sarolangun","Payo Lebar",1,"Palm Oil",2018
"207",71,"MS: Rumput gajah","260","Sarolangun","Payo Lebar",1,"Palm Oil",2018
"208",71,"Rolandra fruticosa","26","Sarolangun","Payo Lebar",1,"Palm Oil",2018
"209",71,"Legazpia polygonoides","2520","Sarolangun","Payo Lebar",1,"Palm Oil",2018
"210",71,"Vittaria ensiformis","50","Sarolangun","Payo Lebar",1,"Palm Oil",2018
"211",71,"Salomonia cantoniensis","18","Sarolangun","Payo Lebar",1,"Palm Oil",2018
"212",71,"tumbuhan paku","33","Sarolangun","Payo Lebar",1,"Palm Oil",2018
"213",71,"Scleria ciliaris","5","Sarolangun","Payo Lebar",1,"Palm Oil",2018
"214",71,"lumut","3520","Sarolangun","Payo Lebar",1,"Palm Oil",2018
"215",71,"Clidemia hirta","5","Sarolangun","Payo Lebar",1,"Palm Oil",2018
"216",71,"carex rupestris","92","Sarolangun","Payo Lebar",1,"Palm Oil",2018
"217",71,"Asystasia gangetica","85","Sarolangun","Payo Lebar",1,"Palm Oil",2018
"218",74,"Dicranopteris linearis","2","Sarolangun","Payo Lebar",1,"Rubber",2018
"219",74,"Clidemia hirta","73","Sarolangun","Payo Lebar",1,"Rubber",2018
"220",74,"Melastoma malabathricum","32","Sarolangun","Payo Lebar",1,"Rubber",2018
"221",74,"Scleria ciliaris","12","Sarolangun","Payo Lebar",1,"Rubber",2018
"222",74,"Cyrtococcum patens","105","Sarolangun","Payo Lebar",1,"Rubber",2018
"223",74,"Centotheca lappacea","51","Sarolangun","Payo Lebar",1,"Rubber",2018
"224",74,"juncus bufonius","32","Sarolangun","Payo Lebar",1,"Rubber",2018
"225",74,"bunga berjarak","81","Sarolangun","Payo Lebar",1,"Rubber",2018
"226",74,"Legazpia polygonoides","217","Sarolangun","Payo Lebar",1,"Rubber",2018
"227",74,"Lindernia diffusa","15","Sarolangun","Payo Lebar",1,"Rubber",2018
"228",74,"Lindsaea ensifolia","15","Sarolangun","Payo Lebar",1,"Rubber",2018
"229",76,"Melastoma malabathricum","2","Sarolangun","Payo Lebar",1,"Rubber",2018
"230",76,"Asystasia gangetica","215","Sarolangun","Payo Lebar",1,"Rubber",2018
"231",76,"Clidemia hirta","15","Sarolangun","Payo Lebar",1,"Rubber",2018
"232",76,"Lygodium sp.","6","Sarolangun","Payo Lebar",1,"Rubber",2018
"233",76,"Cyrtococcum patens","853","Sarolangun","Payo Lebar",1,"Rubber",2018
"234",76,"Daun Hati","3","Sarolangun","Payo Lebar",1,"Rubber",2018
"235",76,"Mirip Daun Durian","1","Sarolangun","Payo Lebar",1,"Rubber",2018
"236",76,"daun bergerigi","3","Sarolangun","Payo Lebar",1,"Rubber",2018
"237",76,"Daun Sirih","3","Sarolangun","Payo Lebar",1,"Rubber",2018
"238",76,"Phylanthus urinaria","3","Sarolangun","Payo Lebar",1,"Rubber",2018
"239",76,"Endospermum diadenum","22","Sarolangun","Payo Lebar",1,"Rubber",2018
"240",80,"Batang Daun Bulu","1","Sarolangun","Payo Lebar",2,"Rubber",2018
"241",80,"Axonopus compressus","63","Sarolangun","Payo Lebar",2,"Rubber",2018
"242",80,"LN: Pulai","1","Sarolangun","Payo Lebar",2,"Rubber",2018
"243",80,"Melastoma malabathricum","13","Sarolangun","Payo Lebar",2,"Rubber",2018
"244",80,"Clidemia hirta","56","Sarolangun","Payo Lebar",2,"Rubber",2018
"245",80,"Goniophlebium verrucosum","6","Sarolangun","Payo Lebar",2,"Rubber",2018
"246",80,"Sauropus androgynus","3","Sarolangun","Payo Lebar",2,"Rubber",2018
"247",80,"Mirip Karet","1","Sarolangun","Payo Lebar",2,"Rubber",2018
"248",80,"Endospermum diadenum","2","Sarolangun","Payo Lebar",2,"Rubber",2018
"249",80,"Colopogonium Mucunoides","4","Sarolangun","Payo Lebar",2,"Rubber",2018
"250",80,"Merremia Umbellata","2","Sarolangun","Payo Lebar",2,"Rubber",2018
"251",80,"Asystasia gangetica","143","Sarolangun","Payo Lebar",2,"Rubber",2018
"252",80,"Rolandra fruticosa","11","Sarolangun","Payo Lebar",2,"Rubber",2018
"253",80,"Scleria ciliaris","124","Sarolangun","Payo Lebar",2,"Rubber",2018
"254",80,"Cyrtococcum patens","136","Sarolangun","Payo Lebar",2,"Rubber",2018
"255",83,"Ageratum conyzoides","14","Sarolangun","Payo Lebar",1,"Rubber",2018
"256",83,"LN: Pulai","1","Sarolangun","Payo Lebar",1,"Rubber",2018
"257",83,"Asystasia gangetica","78","Sarolangun","Payo Lebar",1,"Rubber",2018
"258",83,"Clidemia hirta","173","Sarolangun","Payo Lebar",1,"Rubber",2018
"259",83,"Lindsaea ensifolia","43","Sarolangun","Payo Lebar",1,"Rubber",2018
"260",83,"Mussaenda frondosa","2","Sarolangun","Payo Lebar",1,"Rubber",2018
"261",83,"Nephrolepis biserrata","4","Sarolangun","Payo Lebar",1,"Rubber",2018
"262",83,"Phylanthus urinaria","5","Sarolangun","Payo Lebar",1,"Rubber",2018
"263",83,"Scleria ciliaris","95","Sarolangun","Payo Lebar",1,"Rubber",2018
"264",83,"Leptaspis urceolata","121","Sarolangun","Payo Lebar",1,"Rubber",2018
"265",83,"Vittaria elongata","49","Sarolangun","Payo Lebar",1,"Rubber",2018
"266",83,"Cleome Rutidosperma","113","Sarolangun","Payo Lebar",1,"Rubber",2018
"267",83,"Sauropus androgynus","12","Sarolangun","Payo Lebar",1,"Rubber",2018
"268",83,"Hevea Brasiliensis","5","Sarolangun","Payo Lebar",1,"Rubber",2018
"269",83,"Awar awar","1","Sarolangun","Payo Lebar",1,"Rubber",2018
"270",83,"Lygodium circinatum","14","Sarolangun","Payo Lebar",1,"Rubber",2018
"271",83,"Melastoma malabathricum","64","Sarolangun","Payo Lebar",1,"Rubber",2018
"272",83,"Mikania micrantha","8","Sarolangun","Payo Lebar",1,"Rubber",2018
"273",83,"Passiflora Foetida","1","Sarolangun","Payo Lebar",1,"Rubber",2018
"274",84,"Spaghneticola Trilobata","3","Sarolangun","Payo Lebar",1,"Rubber",2018
"275",84,"Davallia denticulata","17","Sarolangun","Payo Lebar",1,"Rubber",2018
"276",84,"Lindernia diffusa","138","Sarolangun","Payo Lebar",1,"Rubber",2018
"277",84,"Lygodium salicifolium","8","Sarolangun","Payo Lebar",1,"Rubber",2018
"278",84,"Melastoma malabathricum","4","Sarolangun","Payo Lebar",1,"Rubber",2018
"279",84,"Oxalis barrelieri","32","Sarolangun","Payo Lebar",1,"Rubber",2018
"280",84,"Lindsaea ensifolia","36","Sarolangun","Payo Lebar",1,"Rubber",2018
"281",84,"Cleome Rutidosperma","96","Sarolangun","Payo Lebar",1,"Rubber",2018
"282",84,"Pityrogramma Calomelanos","23","Sarolangun","Payo Lebar",1,"Rubber",2018
"283",84,"Leptaspis urceolata","83","Sarolangun","Payo Lebar",1,"Rubber",2018
"284",84,"Taenitis blechnoides","33","Sarolangun","Payo Lebar",1,"Rubber",2018
"285",84,"Asystasia gangetica","154","Sarolangun","Payo Lebar",1,"Rubber",2018
"286",84,"Clidemia hirta","69","Sarolangun","Payo Lebar",1,"Rubber",2018
"287",84,"Pulai","6","Sarolangun","Payo Lebar",1,"Rubber",2018
"288",84,"Cyrtococcum patens","323","Sarolangun","Payo Lebar",1,"Rubber",2018
"289",84,"Peperomia Pellucida","49","Sarolangun","Payo Lebar",1,"Rubber",2018
"290",89,"Lantana camara","2","Sarolangun","Payo Lebar",2,"Rubber",2018
"291",89,"Clidemia hirta","6","Sarolangun","Payo Lebar",2,"Rubber",2018
"292",89,"Scleria ciliaris","9","Sarolangun","Payo Lebar",2,"Rubber",2018
"293",89,"Lindsaea ensifolia","6","Sarolangun","Payo Lebar",2,"Rubber",2018
"294",89,"Lygodium circinatum","6","Sarolangun","Payo Lebar",2,"Rubber",2018
"295",89,"Melastoma malabathricum","3","Sarolangun","Payo Lebar",2,"Rubber",2018
"296",89,"Taenitis blechnoides","16","Sarolangun","Payo Lebar",2,"Rubber",2018
"297",89,"Asplenium Longissisum","2","Sarolangun","Payo Lebar",2,"Rubber",2018
"298",89,"Hevea Brasiliensis","12","Sarolangun","Payo Lebar",2,"Rubber",2018
"299",117,"Clidemia hirta","83","Sarolangun","Semaran",1,"Palm Oil",2018
"300",117,"Melastoma malabathricum","44","Sarolangun","Semaran",1,"Palm Oil",2018
"301",117,"Scleria ciliaris","13","Sarolangun","Semaran",1,"Palm Oil",2018
"302",117,"Cyrtococcum patens","339","Sarolangun","Semaran",1,"Palm Oil",2018
"303",117,"Looks like Lindsaea Ensifolia","18","Sarolangun","Semaran",1,"Palm Oil",2018
"304",117,"Looks like Mussaenda Frondusa","1","Sarolangun","Semaran",1,"Palm Oil",2018
"305",117,"Long Sharp Leaves Tree ","5","Sarolangun","Semaran",1,"Palm Oil",2018
"306",117,"Pikform Blattbaum","4","Sarolangun","Semaran",1,"Palm Oil",2018
"307",117,"Tetracera Indica ","1","Sarolangun","Semaran",1,"Palm Oil",2018
"308",117,"Looks like Ficus","1","Sarolangun","Semaran",1,"Palm Oil",2018
"309",117,"Long Straight Grass","2","Sarolangun","Semaran",1,"Palm Oil",2018
"310",117,"Dicranopteris linearis","137","Sarolangun","Semaran",1,"Palm Oil",2018
"311",117,"Hevea Brasiliensis","2","Sarolangun","Semaran",1,"Palm Oil",2018
"312",117,"Lindsaea ensifolia","11","Sarolangun","Semaran",1,"Palm Oil",2018
"313",126,"Clidemia hirta","33","Sarolangun","Danau Serdang",1,"Rubber",2018
"314",126,"Dicranopteris linearis","5","Sarolangun","Danau Serdang",1,"Rubber",2018
"315",126,"Hevea Brasiliensis","16","Sarolangun","Danau Serdang",1,"Rubber",2018
"316",126,"Melastoma malabathricum","7","Sarolangun","Danau Serdang",1,"Rubber",2018
"317",126,"Scleria ciliaris","33","Sarolangun","Danau Serdang",1,"Rubber",2018
"318",126,"Centotheca lappacea","26","Sarolangun","Danau Serdang",1,"Rubber",2018
"319",126,"Axonopus Compressus","14","Sarolangun","Danau Serdang",1,"Rubber",2018
"320",126,"heart formed leaves","3","Sarolangun","Danau Serdang",1,"Rubber",2018
"321",170,"Bauhinia semibifida","1","Sarolangun","Pematang Kabau",1,"Rubber",2018
"322",170,"Clidemia hirta","151","Sarolangun","Pematang Kabau",1,"Rubber",2018
"323",170,"Molineria latifolia","2","Sarolangun","Pematang Kabau",1,"Rubber",2018
"324",170,"Scleria ciliaris","140","Sarolangun","Pematang Kabau",1,"Rubber",2018
"325",170,"Taenitis blechnoides","2","Sarolangun","Pematang Kabau",1,"Rubber",2018
"326",170,"Tetracera indica","1","Sarolangun","Pematang Kabau",1,"Rubber",2018
"327",170,"Cyrtococcum patens","53","Sarolangun","Pematang Kabau",1,"Rubber",2018
"328",170,"Rothmannia macrophylla","20","Sarolangun","Pematang Kabau",1,"Rubber",2018
"329",170,"clibadium surinamense","1","Sarolangun","Pematang Kabau",1,"Rubber",2018
"330",170,"cuphea cartagenensis","1","Sarolangun","Pematang Kabau",1,"Rubber",2018
"331",170,"Like Lasianthus inaequalis","4","Sarolangun","Pematang Kabau",1,"Rubber",2018
"332",183,"Clidemia hirta","51","Sarolangun","Pematang Kabau",1,"Rubber",2018
"333",183,"Dicranopteris linearis","20","Sarolangun","Pematang Kabau",1,"Rubber",2018
"334",183,"Elaeis guineensis","4","Sarolangun","Pematang Kabau",1,"Rubber",2018
"335",183,"Hevea Brasiliensis","2","Sarolangun","Pematang Kabau",1,"Rubber",2018
"336",183,"Lindsaea ensifolia","2","Sarolangun","Pematang Kabau",1,"Rubber",2018
"337",183,"Melastoma malabathricum","10","Sarolangun","Pematang Kabau",1,"Rubber",2018
"338",183,"Cyrtococcum patens","347","Sarolangun","Pematang Kabau",1,"Rubber",2018
"339",191,"Asystasia gangetica","28","Sarolangun","Pematang Kabau",1,"Palm Oil",2018
"340",191,"Axonopus compressus","81","Sarolangun","Pematang Kabau",1,"Palm Oil",2018
"341",191,"Clidemia hirta","9","Sarolangun","Pematang Kabau",1,"Palm Oil",2018
"342",191,"Elaeis guineensis","2","Sarolangun","Pematang Kabau",1,"Palm Oil",2018
"343",191,"Lindernia diffusa","206","Sarolangun","Pematang Kabau",1,"Palm Oil",2018
"344",191,"Solanum Melongena","1","Sarolangun","Pematang Kabau",1,"Palm Oil",2018
"345",191,"Pouzolzia Zeylanica","268","Sarolangun","Pematang Kabau",1,"Palm Oil",2018
"346",191,"Leptaspis urceolata","9","Sarolangun","Pematang Kabau",1,"Palm Oil",2018
"347",191,"Centotheca lappacea","5","Sarolangun","Pematang Kabau",1,"Palm Oil",2018
"348",191,"Centotheca lappacea","1","Sarolangun","Pematang Kabau",1,"Palm Oil",2018
"349",246,"Dicranopteris linearis","21","Batanghari","Sri Dadi",1,"Rubber",2018
"350",246,"Imperata cylindrica","9","Batanghari","Sri Dadi",1,"Rubber",2018
"351",246,"Lindsaea ensifolia","7","Batanghari","Sri Dadi",1,"Rubber",2018
"352",246,"LN: Pandan","1","Batanghari","Sri Dadi",1,"Rubber",2018
"353",246,"Melastoma malabathricum","8","Batanghari","Sri Dadi",1,"Rubber",2018
"354",246,"Sauropus androgynus","2","Batanghari","Sri Dadi",1,"Rubber",2018
"355",246,"Lasianthus inaequalis","26","Batanghari","Sri Dadi",1,"Rubber",2018
"356",246,"Cyrtococcum patens","17","Batanghari","Sri Dadi",1,"Rubber",2018
"357",246,"Centotheca lappacea","12","Batanghari","Sri Dadi",1,"Rubber",2018
"358",247,"Clidemia hirta","27","Batanghari","Sri Dadi",1,"Rubber",2018
"359",247,"Melastoma malabathricum","17","Batanghari","Sri Dadi",1,"Rubber",2018
"360",247,"Mikania micrantha","1","Batanghari","Sri Dadi",1,"Rubber",2018
"361",247,"Molineria latifolia","1","Batanghari","Sri Dadi",1,"Rubber",2018
"362",247,"Oxalis barrelieri","3","Batanghari","Sri Dadi",1,"Rubber",2018
"363",247,"Scleria ciliaris","30","Batanghari","Sri Dadi",1,"Rubber",2018
"364",247,"Cyrtococcum patens","356","Batanghari","Sri Dadi",1,"Rubber",2018
"365",247,"Endospermum diadenum","11","Batanghari","Sri Dadi",1,"Rubber",2018
"366",247,"Leptaspis urceolata","426","Batanghari","Sri Dadi",1,"Rubber",2018
"367",247,"Rothmannia macrophylla","7","Batanghari","Sri Dadi",1,"Rubber",2018
"368",247,"Daun Jari","1","Batanghari","Sri Dadi",1,"Rubber",2018
"369",248,"Clidemia hirta","32","Batanghari","Sri Dadi",2,"Rubber",2018
"370",248,"Croton hirtus","7","Batanghari","Sri Dadi",2,"Rubber",2018
"371",248,"Daun Katu","2","Batanghari","Sri Dadi",2,"Rubber",2018
"372",248,"Melastoma malabathricum","11","Batanghari","Sri Dadi",2,"Rubber",2018
"373",248,"Molineria latifolia","1","Batanghari","Sri Dadi",2,"Rubber",2018
"374",248,"Scleria ciliaris","37","Batanghari","Sri Dadi",2,"Rubber",2018
"375",248,"Cyrtococcum patens","1680","Batanghari","Sri Dadi",2,"Rubber",2018
"376",248,"Vittaria elongata","32","Batanghari","Sri Dadi",2,"Rubber",2018
"377",248,"Molineria Latifolia","1","Batanghari","Sri Dadi",2,"Rubber",2018
"378",248,"Daun Hijau","1","Batanghari","Sri Dadi",2,"Rubber",2018
"379",249,"Ageratum conyzoides","3","Batanghari","Sri Dadi",1,"Rubber",2018
"380",249,"Asystasia gangetica","13","Batanghari","Sri Dadi",1,"Rubber",2018
"381",249,"Clidemia hirta","45","Batanghari","Sri Dadi",1,"Rubber",2018
"382",249,"Croton hirtus","2","Batanghari","Sri Dadi",1,"Rubber",2018
"383",249,"Lygodium circinatum","7","Batanghari","Sri Dadi",1,"Rubber",2018
"384",249,"Melastoma malabathricum","6","Batanghari","Sri Dadi",1,"Rubber",2018
"385",249,"Mimosa pudica","2","Batanghari","Sri Dadi",1,"Rubber",2018
"386",249,"Molineria latifolia","3","Batanghari","Sri Dadi",1,"Rubber",2018
"387",249,"Mussaenda frondosa","1","Batanghari","Sri Dadi",1,"Rubber",2018
"388",249,"Oxalis barrelieri","2","Batanghari","Sri Dadi",1,"Rubber",2018
"389",249,"Rolandra fruticosa","18","Batanghari","Sri Dadi",1,"Rubber",2018
"390",249,"Scleria ciliaris","38","Batanghari","Sri Dadi",1,"Rubber",2018
"391",249,"Cleome Rutidosperma","21","Batanghari","Sri Dadi",1,"Rubber",2018
"392",249,"Centotheca lappacea","32","Batanghari","Sri Dadi",1,"Rubber",2018
"393",249,"Leptaspis urceolata","12","Batanghari","Sri Dadi",1,"Rubber",2018
"394",249,"Passiflora Foetida","2","Batanghari","Sri Dadi",1,"Rubber",2018
"395",249,"Centrosema Pubescens","2","Batanghari","Sri Dadi",1,"Rubber",2018
"396",249,"tanaman Boncel","2","Batanghari","Sri Dadi",1,"Rubber",2018
"397",251,"Asystasia gangetica","12","Batanghari","Sri Dadi",2,"Rubber",2018
"398",251,"Clidemia hirta","71","Batanghari","Sri Dadi",2,"Rubber",2018
"399",251,"Lindsaea ensifolia","10","Batanghari","Sri Dadi",2,"Rubber",2018
"400",251,"Macaranga bancana","2","Batanghari","Sri Dadi",2,"Rubber",2018
"401",251,"Melastoma malabathricum","34","Batanghari","Sri Dadi",2,"Rubber",2018
"402",251,"Mimosa pudica","3","Batanghari","Sri Dadi",2,"Rubber",2018
"403",251,"Molineria latifolia","8","Batanghari","Sri Dadi",2,"Rubber",2018
"404",251,"Oxalis barrelieri","2","Batanghari","Sri Dadi",2,"Rubber",2018
"405",251,"Scleria ciliaris","49","Batanghari","Sri Dadi",2,"Rubber",2018
"406",251,"Spermaococe cristata","3","Batanghari","Sri Dadi",2,"Rubber",2018
"407",251,"Tetracera indica","2","Batanghari","Sri Dadi",2,"Rubber",2018
"408",251,"Leptaspis urceolata","16","Batanghari","Sri Dadi",2,"Rubber",2018
"409",251,"Endospermum diadenum","1","Batanghari","Sri Dadi",2,"Rubber",2018
"410",251,"Cyrtococcum patens","35","Batanghari","Sri Dadi",2,"Rubber",2018
"411",251,"Pucuk Merah","2","Batanghari","Sri Dadi",2,"Rubber",2018
"412",251,"Batang Merah","6","Batanghari","Sri Dadi",2,"Rubber",2018
"413",251,"Rothmannia macrophylla","1","Batanghari","Sri Dadi",2,"Rubber",2018
"414",255,"Clidemia hirta","73","Batanghari","Sri Dadi",1,"Rubber",2018
"415",255,"Lindsaea diffusa","4","Batanghari","Sri Dadi",1,"Rubber",2018
"416",255,"Lygodium salicifolium","2","Batanghari","Sri Dadi",1,"Rubber",2018
"417",255,"Macaranga bancana","3","Batanghari","Sri Dadi",1,"Rubber",2018
"418",255,"Melastoma malabathricum","3","Batanghari","Sri Dadi",1,"Rubber",2018
"419",255,"Molineria latifolia","1","Batanghari","Sri Dadi",1,"Rubber",2018
"420",255,"Oxalis barrelieri","3","Batanghari","Sri Dadi",1,"Rubber",2018
"421",255,"Scleria ciliaris","28","Batanghari","Sri Dadi",1,"Rubber",2018
"422",255,"Buah Ungu","18","Batanghari","Sri Dadi",1,"Rubber",2018
"423",255,"Daun Katuk","10","Batanghari","Sri Dadi",1,"Rubber",2018
"424",255,"Helminthostachys Zeylanica","5","Batanghari","Sri Dadi",1,"Rubber",2018
"425",255,"Mallotus peltatus","33","Batanghari","Sri Dadi",1,"Rubber",2018
"426",255,"Cyrtococcum patens","560","Batanghari","Sri Dadi",1,"Rubber",2018
"427",255,"Leptaspis urceolata","75","Batanghari","Sri Dadi",1,"Rubber",2018
"428",258,"Asystasia gangetica","11","Batanghari","Sri Dadi",1,"Rubber",2018
"429",258,"Clidemia hirta","42","Batanghari","Sri Dadi",1,"Rubber",2018
"430",258,"Lindsaea ensifolia","3","Batanghari","Sri Dadi",1,"Rubber",2018
"431",258,"Melastoma malabathricum","6","Batanghari","Sri Dadi",1,"Rubber",2018
"432",258,"Vittaria ensiformis","205","Batanghari","Sri Dadi",1,"Rubber",2018
"433",258,"Leptaspis urceolata","23","Batanghari","Sri Dadi",1,"Rubber",2018
"434",258,"Centrosema Pubescens","8","Batanghari","Sri Dadi",1,"Rubber",2018
"435",258,"Helminthotachys Zeylanica","3","Batanghari","Sri Dadi",1,"Rubber",2018
"436",258,"Mallotus peltatus","5","Batanghari","Sri Dadi",1,"Rubber",2018
"437",258,"Cyrtococcum patens","5","Batanghari","Sri Dadi",1,"Rubber",2018
"438",258,"Daun Salam Hutan","7","Batanghari","Sri Dadi",1,"Rubber",2018
"439",325,"Ageratum conyzoides","61","Batanghari","Bulian Jaya",1,"Palm Oil",2018
"440",325,"Asystasia gangetica","22","Batanghari","Bulian Jaya",1,"Palm Oil",2018
"441",325,"Axonopus compressus","35","Batanghari","Bulian Jaya",1,"Palm Oil",2018
"442",325,"Blechnum orientale","14","Batanghari","Bulian Jaya",1,"Palm Oil",2018
"443",325,"Clidemia hirta","331","Batanghari","Bulian Jaya",1,"Palm Oil",2018
"444",325,"Croton hirtus","33","Batanghari","Bulian Jaya",1,"Palm Oil",2018
"445",325,"Lindsaea ensifolia","63","Batanghari","Bulian Jaya",1,"Palm Oil",2018
"446",325,"Melastoma malabathricum","30","Batanghari","Bulian Jaya",1,"Palm Oil",2018
"447",325,"Molineria latifolia","53","Batanghari","Bulian Jaya",1,"Palm Oil",2018
"448",325,"Scleria ciliaris","71","Batanghari","Bulian Jaya",1,"Palm Oil",2018
"449",325,"Leptaspis urceolata","110","Batanghari","Bulian Jaya",1,"Palm Oil",2018
"450",325,"Centotheca lappacea","172","Batanghari","Bulian Jaya",1,"Palm Oil",2018
"451",325,"Lasianthus inaequalis","3","Batanghari","Bulian Jaya",1,"Palm Oil",2018
"452",325,"Helminthostachys Zeylanica","9","Batanghari","Bulian Jaya",1,"Palm Oil",2018
"453",325,"Acmella Paniculata","15","Batanghari","Bulian Jaya",1,"Palm Oil",2018
"454",334,"Adiantum latifolium","15","Batanghari","Bulian Jaya",1,"Palm Oil",2018
"455",334,"Axonopus compressus","73","Batanghari","Bulian Jaya",1,"Palm Oil",2018
"456",334,"Clidemia hirta","35","Batanghari","Bulian Jaya",1,"Palm Oil",2018
"457",334,"Davallia denticulata","164","Batanghari","Bulian Jaya",1,"Palm Oil",2018
"458",334,"Goniophlebium verrucosum","339","Batanghari","Bulian Jaya",1,"Palm Oil",2018
"459",334,"Lindsaea ensifolia","83","Batanghari","Bulian Jaya",1,"Palm Oil",2018
"460",334,"Molineria latifolia","12","Batanghari","Bulian Jaya",1,"Palm Oil",2018
"461",334,"Nephrolepis biserrata","72","Batanghari","Bulian Jaya",1,"Palm Oil",2018
"462",334,"Taenitis blechnoides","43","Batanghari","Bulian Jaya",1,"Palm Oil",2018
"463",334,"Vittaria elongata","95","Batanghari","Bulian Jaya",1,"Palm Oil",2018
"464",334,"Drynaria Quercifolia","39","Batanghari","Bulian Jaya",1,"Palm Oil",2018
"465",334,"Leptaspis urceolata","45","Batanghari","Bulian Jaya",1,"Palm Oil",2018
"466",342,"Asystasia gangetica","44","Batanghari","Bulian Jaya",1,"Palm Oil",2018
"467",342,"Clidemia hirta","150","Batanghari","Bulian Jaya",1,"Palm Oil",2018
"468",342,"Davallia denticulata","3","Batanghari","Bulian Jaya",1,"Palm Oil",2018
"469",342,"Goniophlebium verrucosum","20","Batanghari","Bulian Jaya",1,"Palm Oil",2018
"470",342,"Lindsaea ensifolia","80","Batanghari","Bulian Jaya",1,"Palm Oil",2018
"471",342,"Melastoma malabathricum","8","Batanghari","Bulian Jaya",1,"Palm Oil",2018
"472",342,"Oxalis barrelieri","36","Batanghari","Bulian Jaya",1,"Palm Oil",2018
"473",342,"Scleria ciliaris","94","Batanghari","Bulian Jaya",1,"Palm Oil",2018
"474",342,"Selaginella plana","128","Batanghari","Bulian Jaya",1,"Palm Oil",2018
"475",342,"Taenitis blechnoides","14","Batanghari","Bulian Jaya",1,"Palm Oil",2018
"476",342,"Cleome Rutidosperma","142","Batanghari","Bulian Jaya",1,"Palm Oil",2018
"477",342,"Leptaspis urceolata","64","Batanghari","Bulian Jaya",1,"Palm Oil",2018
"478",342,"Cyrtococcum patens","72","Batanghari","Bulian Jaya",1,"Palm Oil",2018
"479",342,"Cheilocostus Speciosus","3","Batanghari","Bulian Jaya",1,"Palm Oil",2018
"480",346,"Asystasia gangetica","1560","Batanghari","Bulian Jaya",1,"Palm Oil",2018
"481",346,"Clidemia hirta","80","Batanghari","Bulian Jaya",1,"Palm Oil",2018
"482",346,"Lindsaea ensifolia","17","Batanghari","Bulian Jaya",1,"Palm Oil",2018
"483",346,"Ludwigia octovalvis","170","Batanghari","Bulian Jaya",1,"Palm Oil",2018
"484",346,"Lycopodiella cernua","5","Batanghari","Bulian Jaya",1,"Palm Oil",2018
"485",346,"Lygodium salicifolium","5","Batanghari","Bulian Jaya",1,"Palm Oil",2018
"486",346,"Phylanthus urinaria","21","Batanghari","Bulian Jaya",1,"Palm Oil",2018
"487",346,"Rolandra fruticosa","81","Batanghari","Bulian Jaya",1,"Palm Oil",2018
"488",346,"Stachytarpheta indica","52","Batanghari","Bulian Jaya",1,"Palm Oil",2018
"489",346,"Leptaspis urceolata","1120","Batanghari","Bulian Jaya",1,"Palm Oil",2018
"490",346,"Cyrtococcum patens","560","Batanghari","Bulian Jaya",1,"Palm Oil",2018
"491",346,"Lindernia Diffusa","76","Batanghari","Bulian Jaya",1,"Palm Oil",2018
"492",346,"No Name 1","1","Batanghari","Bulian Jaya",1,"Palm Oil",2018
"493",349,"Adiantum latifolium","11","Batanghari","Bukit Sari",1,"Palm Oil",2018
"494",349,"Asystasia gangetica","50","Batanghari","Bukit Sari",1,"Palm Oil",2018
"495",349,"Clidemia hirta","49","Batanghari","Bukit Sari",1,"Palm Oil",2018
"496",349,"Davallia denticulata","22","Batanghari","Bukit Sari",1,"Palm Oil",2018
"497",349,"Ludwigia octovalvis","5","Batanghari","Bukit Sari",1,"Palm Oil",2018
"498",349,"Rolandra fruticosa","6","Batanghari","Bukit Sari",1,"Palm Oil",2018
"499",349,"Centrosema Pubescens","2","Batanghari","Bukit Sari",1,"Palm Oil",2018
"500",349,"Cuphea Carthagenesis","5","Batanghari","Bukit Sari",1,"Palm Oil",2018
"501",349,"Cyrtococcum patens","55","Batanghari","Bukit Sari",1,"Palm Oil",2018
"502",349,"Leptaspis urceolata","4","Batanghari","Bukit Sari",1,"Palm Oil",2018
"503",349,"Ophiglossum Pendulum","3","Batanghari","Bukit Sari",1,"Palm Oil",2018
"504",351,"Asystasia gangetica","32","Batanghari","Bukit Sari",1,"Palm Oil",2018
"505",351,"Davallia denticulata","43","Batanghari","Bukit Sari",1,"Palm Oil",2018
"506",351,"Dicranopteris linearis","89","Batanghari","Bukit Sari",1,"Palm Oil",2018
"507",351,"Imperata cylindrica","24","Batanghari","Bukit Sari",1,"Palm Oil",2018
"508",351,"Lindsaea diffusa","5","Batanghari","Bukit Sari",1,"Palm Oil",2018
"509",351,"Melastoma malabathricum","17","Batanghari","Bukit Sari",1,"Palm Oil",2018
"510",351,"Pityrogramma Calomelanos","21","Batanghari","Bukit Sari",1,"Palm Oil",2018
"511",351,"Endospermum diadenum","1","Batanghari","Bukit Sari",1,"Palm Oil",2018
"512",351,"Lasianthus inaequalis","4","Batanghari","Bukit Sari",1,"Palm Oil",2018
"513",351,"Leptaspis urceolata","73","Batanghari","Bukit Sari",1,"Palm Oil",2018
"514",351,"Pennisetum Polystachion","19","Batanghari","Bukit Sari",1,"Palm Oil",2018
"515",354,"Asystasia gangetica","126","Batanghari","Bukit Sari",1,"Palm Oil",2018
"516",354,"Chromolaena odorata","6","Batanghari","Bukit Sari",1,"Palm Oil",2018
"517",354,"Clidemia hirta","27","Batanghari","Bukit Sari",1,"Palm Oil",2018
"518",354,"Dicranopteris linearis","13","Batanghari","Bukit Sari",1,"Palm Oil",2018
"519",354,"Imperata cylindrica","20","Batanghari","Bukit Sari",1,"Palm Oil",2018
"520",354,"Lygodium salicifolium","90","Batanghari","Bukit Sari",1,"Palm Oil",2018
"521",354,"Selaginella intermedia","720","Batanghari","Bukit Sari",1,"Palm Oil",2018
"522",354,"Spermaococe cristata","5","Batanghari","Bukit Sari",1,"Palm Oil",2018
"523",354,"Stachytarpheta indica","105","Batanghari","Bukit Sari",1,"Palm Oil",2018
"524",354,"Taenitis blechnoides","3","Batanghari","Bukit Sari",1,"Palm Oil",2018
"525",354,"Leptaspis urceolata","127","Batanghari","Bukit Sari",1,"Palm Oil",2018
"526",354,"Centotheca lappacea","12","Batanghari","Bukit Sari",1,"Palm Oil",2018
"527",354,"Selaginella Plana","720","Batanghari","Bukit Sari",1,"Palm Oil",2018
"528",354,"Daun Kayu Putih","3","Batanghari","Bukit Sari",1,"Palm Oil",2018
"529",358,"Ageratum conyzoides","56","Batanghari","Bukit Sari",1,"Palm Oil",2018
"530",358,"Asplenium nidus","17","Batanghari","Bukit Sari",1,"Palm Oil",2018
"531",358,"Asystasia gangetica","30","Batanghari","Bukit Sari",1,"Palm Oil",2018
"532",358,"Blechnum orientale","11","Batanghari","Bukit Sari",1,"Palm Oil",2018
"533",358,"Clidemia hirta","7","Batanghari","Bukit Sari",1,"Palm Oil",2018
"534",358,"Molineria latifolia","6","Batanghari","Bukit Sari",1,"Palm Oil",2018
"535",358,"Selaginella plana","180","Batanghari","Bukit Sari",1,"Palm Oil",2018
"536",358,"Vittaria elongata","326","Batanghari","Bukit Sari",1,"Palm Oil",2018
"537",358,"Pouzolzia Zeylanica","26","Batanghari","Bukit Sari",1,"Palm Oil",2018
"538",358,"Leptaspis urceolata","153","Batanghari","Bukit Sari",1,"Palm Oil",2018
"539",361,"Ageratum conyzoides","3","Batanghari","Senaning",1,"Rubber",2018
"540",361,"Asystasia gangetica","93","Batanghari","Senaning",1,"Rubber",2018
"541",361,"Clidemia hirta","14","Batanghari","Senaning",1,"Rubber",2018
"542",361,"Lygodium circinatum","7","Batanghari","Senaning",1,"Rubber",2018
"543",361,"Lygodium salicifolium","3","Batanghari","Senaning",1,"Rubber",2018
"544",361,"Melastoma malabathricum","6","Batanghari","Senaning",1,"Rubber",2018
"545",361,"Mimosa pudica","15","Batanghari","Senaning",1,"Rubber",2018
"546",361,"Mussaenda frondosa","3","Batanghari","Senaning",1,"Rubber",2018
"547",361,"Oxalis barrelieri","2","Batanghari","Senaning",1,"Rubber",2018
"548",361,"Paspalum dilatatum","79","Batanghari","Senaning",1,"Rubber",2018
"549",361,"Stachytarpheta indica","4","Batanghari","Senaning",1,"Rubber",2018
"550",361,"Vittaria elongata","212","Batanghari","Senaning",1,"Rubber",2018
"551",361,"Cleome Rutidosperma","74","Batanghari","Senaning",1,"Rubber",2018
"552",361,"Cyrtococcum patens","97","Batanghari","Senaning",1,"Rubber",2018
"553",361,"Centotheca lappacea","156","Batanghari","Senaning",1,"Rubber",2018
"554",361,"Pouzolzia Zeylanica","12","Batanghari","Senaning",1,"Rubber",2018
"555",361,"Leptaspis urceolata","53","Batanghari","Senaning",1,"Rubber",2018
"556",361,"Mallotus peltatus","9","Batanghari","Senaning",1,"Rubber",2018
"557",361,"Rhynchospora Colorata","49","Batanghari","Senaning",1,"Rubber",2018
"558",361,"Endospermum diadenum","2","Batanghari","Senaning",1,"Rubber",2018
"559",362,"Asystasia gangetica","48","Batanghari","Senaning",1,"Rubber",2018
"560",362,"Bauhinia semibifida","17","Batanghari","Senaning",1,"Rubber",2018
"561",362,"Blechnum orientale","13","Batanghari","Senaning",1,"Rubber",2018
"562",362,"Clidemia hirta","17","Batanghari","Senaning",1,"Rubber",2018
"563",362,"Lindsaea ensifolia","12","Batanghari","Senaning",1,"Rubber",2018
"564",362,"Lygodium circinatum","8","Batanghari","Senaning",1,"Rubber",2018
"565",362,"Scleria ciliaris","40","Batanghari","Senaning",1,"Rubber",2018
"566",362,"Daun Double","16","Batanghari","Senaning",1,"Rubber",2018
"567",362,"Cyrtococcum patens","53","Batanghari","Senaning",1,"Rubber",2018
"568",362,"Pucuk Merah","12","Batanghari","Senaning",1,"Rubber",2018
"569",362,"Cheilocostus Soeciosus","3","Batanghari","Senaning",1,"Rubber",2018
"570",363,"Clidemia hirta","96","Batanghari","Senaning",1,"Rubber",2018
"571",363,"Ixora grandifolia","4","Batanghari","Senaning",1,"Rubber",2018
"572",363,"Lindsaea ensifolia","23","Batanghari","Senaning",1,"Rubber",2018
"573",363,"Lygodium circinatum","12","Batanghari","Senaning",1,"Rubber",2018
"574",363,"Macaranga bancana","12","Batanghari","Senaning",1,"Rubber",2018
"575",363,"Molineria latifolia","21","Batanghari","Senaning",1,"Rubber",2018
"576",363,"Phylanthus urinaria","8","Batanghari","Senaning",1,"Rubber",2018
"577",363,"Scleria ciliaris","78","Batanghari","Senaning",1,"Rubber",2018
"578",363,"Taenitis blechnoides","5","Batanghari","Senaning",1,"Rubber",2018
"579",363,"Lasianthus inaequalis","23","Batanghari","Senaning",1,"Rubber",2018
"580",363,"Cyrtococcum patens","242","Batanghari","Senaning",1,"Rubber",2018
"581",363,"Mampat","12","Batanghari","Senaning",1,"Rubber",2018
"582",363,"Rambat 1","15","Batanghari","Senaning",1,"Rubber",2018
"583",363,"Asam Kandis","2","Batanghari","Senaning",1,"Rubber",2018
"584",373,"Clidemia hirta","73","Batanghari","Pulau Raman",1,"Rubber",2018
"585",373,"LN: Lengkuas","12","Batanghari","Pulau Raman",1,"Rubber",2018
"586",373,"Scleria ciliaris","7","Batanghari","Pulau Raman",1,"Rubber",2018
"587",373,"Oxalis barrelieri","10","Batanghari","Pulau Raman",1,"Rubber",2018
"588",373,"Melastoma malabathricum","25","Batanghari","Pulau Raman",1,"Rubber",2018
"589",373,"Lygodium salicifolium","3","Batanghari","Pulau Raman",1,"Rubber",2018
"590",373,"Tetracera indica","30","Batanghari","Pulau Raman",1,"Rubber",2018
"591",373,"Mallotus peltatus","36","Batanghari","Pulau Raman",1,"Rubber",2018
"592",373,"Cyrtococcum patens","181","Batanghari","Pulau Raman",1,"Rubber",2018
"593",373,"Pouzolzia Zeylanica","16","Batanghari","Pulau Raman",1,"Rubber",2018
"594",373,"Helminthostachys Zeylanica","2","Batanghari","Pulau Raman",1,"Rubber",2018
"595",395,"Asystasia gangetica","1","Muaro Jambi","Sumber Jaya",1,"Palm Oil",2018
"596",395,"Clidemia hirta","24","Muaro Jambi","Sumber Jaya",1,"Palm Oil",2018
"597",395,"Elaeis guineensis","6","Muaro Jambi","Sumber Jaya",1,"Palm Oil",2018
"598",395,"Goniophlebium verrucosum","10","Muaro Jambi","Sumber Jaya",1,"Palm Oil",2018
"599",395,"Lindsaea ensifolia","44","Muaro Jambi","Sumber Jaya",1,"Palm Oil",2018
"600",395,"Lygodium circinatum","5","Muaro Jambi","Sumber Jaya",1,"Palm Oil",2018
"601",410,"Ageratum conyzoides","23","Muaro Jambi","Tarikan",1,"Rubber",2018
"602",410,"Axonopus compressus","72","Muaro Jambi","Tarikan",1,"Rubber",2018
"603",410,"Croton hirtus","8","Muaro Jambi","Tarikan",1,"Rubber",2018
"604",410,"Lygodium circinatum","17","Muaro Jambi","Tarikan",1,"Rubber",2018
"605",410,"Panicum repens","25","Muaro Jambi","Tarikan",1,"Rubber",2018
"606",410,"Rolandra fruticosa","21","Muaro Jambi","Tarikan",1,"Rubber",2018
"607",410,"Centotheca lappacea","62","Muaro Jambi","Tarikan",1,"Rubber",2018
"608",410,"centrosema pubescens","15","Muaro Jambi","Tarikan",1,"Rubber",2018
"609",410,"Paspalum dilatatum","116","Muaro Jambi","Tarikan",1,"Rubber",2018
"610",410,"Asystasia gangetica","52","Muaro Jambi","Tarikan",1,"Rubber",2018
"611",410,"Like red melasthoma ","5","Muaro Jambi","Tarikan",1,"Rubber",2018
"612",410,"acmela paniculata","42","Muaro Jambi","Tarikan",1,"Rubber",2018
"613",410,"Salomonia cantoniensis","3","Muaro Jambi","Tarikan",1,"Rubber",2018
"614",416,"Adiantum latifolium","39","Muaro Jambi","Tarikan",1,"Palm Oil",2018
"615",416,"Asystasia gangetica","314","Muaro Jambi","Tarikan",1,"Palm Oil",2018
"616",416,"Davallia denticulata","15","Muaro Jambi","Tarikan",1,"Palm Oil",2018
"617",416,"Lantana camara","4","Muaro Jambi","Tarikan",1,"Palm Oil",2018
"618",416,"MS: daun Gerigi","5","Muaro Jambi","Tarikan",1,"Palm Oil",2018
"619",416,"Ottochloa nodosa","42","Muaro Jambi","Tarikan",1,"Palm Oil",2018
"620",416,"Phyllanthus urinaria","3","Muaro Jambi","Tarikan",1,"Palm Oil",2018
"621",416,"Rolandra fruticosa","8","Muaro Jambi","Tarikan",1,"Palm Oil",2018
"622",416,"Scleria ciliaris","20","Muaro Jambi","Tarikan",1,"Palm Oil",2018
"623",416,"Daun berpori","4","Muaro Jambi","Tarikan",1,"Palm Oil",2018
"624",416,"Centotheca lappacea","15","Muaro Jambi","Tarikan",1,"Palm Oil",2018
"625",416,"Leptaspis urceolata","21","Muaro Jambi","Tarikan",1,"Palm Oil",2018
"626",416,"Acmella Paniculata","15","Muaro Jambi","Tarikan",1,"Palm Oil",2018
"627",419,"Asystasia gangetica","43","Muaro Jambi","Tarikan",1,"Palm Oil",2018
"628",419,"Adiantum latifolium","64","Muaro Jambi","Tarikan",1,"Palm Oil",2018
"629",419,"Oxalis barrelieri","17","Muaro Jambi","Tarikan",1,"Palm Oil",2018
"630",419,"Melastoma malabathricum","11","Muaro Jambi","Tarikan",1,"Palm Oil",2018
"631",419,"Lygodium salicifolium","4","Muaro Jambi","Tarikan",1,"Palm Oil",2018
"632",419,"Hyptis capitata","27","Muaro Jambi","Tarikan",1,"Palm Oil",2018
"633",419,"Cleome Rutidosperma","867","Muaro Jambi","Tarikan",1,"Palm Oil",2018
"634",419,"Acmela Paniculata","83","Muaro Jambi","Tarikan",1,"Palm Oil",2018
"635",419,"Peperomia Pelucida","4","Muaro Jambi","Tarikan",1,"Palm Oil",2018
"636",419,"Pityrogramma calomelanos","1","Muaro Jambi","Tarikan",1,"Palm Oil",2018
"637",419,"paku flower","70","Muaro Jambi","Tarikan",1,"Palm Oil",2018
"638",437,"Clidemia hirta","37","Muaro Jambi","Ladang Panjang",1,"Rubber",2018
"639",437,"Scleria ciliaris","11","Muaro Jambi","Ladang Panjang",1,"Rubber",2018
"640",437,"Stenochlaena palustris","83","Muaro Jambi","Ladang Panjang",1,"Rubber",2018
"641",437,"Taenitis blechnoides","12","Muaro Jambi","Ladang Panjang",1,"Rubber",2018
"642",437,"daun Sirih","3","Muaro Jambi","Ladang Panjang",1,"Rubber",2018
"643",437,"Mirip Jati","5","Muaro Jambi","Ladang Panjang",1,"Rubber",2018
"644",437,"Rambutan Hutan","1","Muaro Jambi","Ladang Panjang",1,"Rubber",2018
"645",437,"Macaranga Bancana","1","Muaro Jambi","Ladang Panjang",1,"Rubber",2018
"646",437,"Bunga Putih","5","Muaro Jambi","Ladang Panjang",1,"Rubber",2018
"647",437,"Cyrtococcum patens","80","Muaro Jambi","Ladang Panjang",1,"Rubber",2018
"648",449,"Axonopus compressus","88","Muaro Jambi","Parit",1,"Palm Oil",2018
"649",449,"Asystasia gangetica","36","Muaro Jambi","Parit",1,"Palm Oil",2018
"650",449,"Clidemia hirta","355","Muaro Jambi","Parit",1,"Palm Oil",2018
"651",449,"Lindernia diffusa","2","Muaro Jambi","Parit",1,"Palm Oil",2018
"652",449,"Adiantum latifolium","42","Muaro Jambi","Parit",1,"Palm Oil",2018
"653",449,"Melastoma malabathricum","17","Muaro Jambi","Parit",1,"Palm Oil",2018
"654",449,"Lindsaea ensifolia","54","Muaro Jambi","Parit",1,"Palm Oil",2018
"655",449,"Lygodium salicifolium","2","Muaro Jambi","Parit",1,"Palm Oil",2018
"656",449,"Tetracera indica","4","Muaro Jambi","Parit",1,"Palm Oil",2018
"657",449,"Cuphea Carthagenesis","1","Muaro Jambi","Parit",1,"Palm Oil",2018
"658",449,"Cyrtococcum patens","336","Muaro Jambi","Parit",1,"Palm Oil",2018
"659",449,"Centotheca lappacea","3","Muaro Jambi","Parit",1,"Palm Oil",2018
"660",449,"scoparia dulcis","1","Muaro Jambi","Parit",1,"Palm Oil",2018
"661",455,"Bauhinia semibifida","4","Muaro Jambi","Parit",1,"Rubber",2018
"662",455,"cleome rutidosperma","9","Muaro Jambi","Parit",1,"Rubber",2018
"663",455,"Clidemia hirta","19","Muaro Jambi","Parit",1,"Rubber",2018
"664",455,"cuphea carthagenensis","1","Muaro Jambi","Parit",1,"Rubber",2018
"665",455,"Lasianthus inaequalis","9","Muaro Jambi","Parit",1,"Rubber",2018
"666",455,"LN: Kayu medang","7","Muaro Jambi","Parit",1,"Rubber",2018
"667",455,"LN: Salung","8","Muaro Jambi","Parit",1,"Rubber",2018
"668",455,"Lygodium salicifolium","3","Muaro Jambi","Parit",1,"Rubber",2018
"669",455,"Lygodium sp.","1","Muaro Jambi","Parit",1,"Rubber",2018
"670",455,"Macaranga bancana","3","Muaro Jambi","Parit",1,"Rubber",2018
"671",455,"Mallotus peltatus","1","Muaro Jambi","Parit",1,"Rubber",2018
"672",455,"marantodes pumilum","2","Muaro Jambi","Parit",1,"Rubber",2018
"673",455,"rattan","1","Muaro Jambi","Parit",1,"Rubber",2018
"674",455,"Stachytarpheta jamaicensis","22","Muaro Jambi","Parit",1,"Rubber",2018
"675",455,"Uncaria Cordata","8","Muaro Jambi","Parit",1,"Rubber",2018
"676",460,"Scleria ciliaris","37","Muaro Jambi","Parit",1,"Palm Oil",2018
"677",460,"Mikania micrantha","28","Muaro Jambi","Parit",1,"Palm Oil",2018
"678",460,"Melastoma malabathricum","120","Muaro Jambi","Parit",1,"Palm Oil",2018
"679",460,"Lygodium salicifolium","10","Muaro Jambi","Parit",1,"Palm Oil",2018
"680",460,"Lindernia diffusa","293","Muaro Jambi","Parit",1,"Palm Oil",2018
"681",460,"Leptaspis urceolata","12","Muaro Jambi","Parit",1,"Palm Oil",2018
"682",460,"Legazpia polygonoides","14","Muaro Jambi","Parit",1,"Palm Oil",2018
"683",460,"Cyrtococcum patens","313","Muaro Jambi","Parit",1,"Palm Oil",2018
"684",460,"Clidemia hirta","15","Muaro Jambi","Parit",1,"Palm Oil",2018
"685",460,"centrosema pubescens","171","Muaro Jambi","Parit",1,"Palm Oil",2018
"686",460,"Centotheca lappacea","53","Muaro Jambi","Parit",1,"Palm Oil",2018
"687",460,"Asystasia gangetica","20","Muaro Jambi","Parit",1,"Palm Oil",2018
"688",460,"Ageratum conyzoides","1","Muaro Jambi","Parit",1,"Palm Oil",2018
"689",460,"Adiantum latifolium","157","Muaro Jambi","Parit",1,"Palm Oil",2018
"690",467,"Asystasia gangetica","93","Muaro Jambi","Tebat Patah",1,"Palm Oil",2018
"691",467,"Axonopus compressus","49","Muaro Jambi","Tebat Patah",1,"Palm Oil",2018
"692",467,"Lantana camara","21","Muaro Jambi","Tebat Patah",1,"Palm Oil",2018
"693",467,"Molineria latifolia","4","Muaro Jambi","Tebat Patah",1,"Palm Oil",2018
"694",467,"Ottochloa nodosa","73","Muaro Jambi","Tebat Patah",1,"Palm Oil",2018
"695",467,"Phyllanthus urinaria","3","Muaro Jambi","Tebat Patah",1,"Palm Oil",2018
"696",467,"Rolandra fruticosa","5","Muaro Jambi","Tebat Patah",1,"Palm Oil",2018
"697",467,"Scleria ciliaris","21","Muaro Jambi","Tebat Patah",1,"Palm Oil",2018
"698",467,"Stachytarpheta indica","3","Muaro Jambi","Tebat Patah",1,"Palm Oil",2018
"699",467,"Stachytarpheta jamaicensis","14","Muaro Jambi","Tebat Patah",1,"Palm Oil",2018
"700",467,"Passiflora Foetida","18","Muaro Jambi","Tebat Patah",1,"Palm Oil",2018
"701",467,"Calopogonium Mucunoides","15","Muaro Jambi","Tebat Patah",1,"Palm Oil",2018
"702",467,"Leptaspis urceolata","5","Muaro Jambi","Tebat Patah",1,"Palm Oil",2018
"703",467,"Meremia Umbelata","2","Muaro Jambi","Tebat Patah",1,"Palm Oil",2018
"704",467,"Lasianthus inaequalis","4","Muaro Jambi","Tebat Patah",1,"Palm Oil",2018
"705",467,"Salomonia cantoniensis","3","Muaro Jambi","Tebat Patah",1,"Palm Oil",2018
"706",467,"Cabang 6","2","Muaro Jambi","Tebat Patah",1,"Palm Oil",2018
"707",471,"Oxalis barrelieri","3","Muaro Jambi","Tebat Patah",1,"Rubber",2018
"708",471,"Davallia denticulata","124","Muaro Jambi","Tebat Patah",1,"Rubber",2018
"709",471,"Lindsaea ensifolia","4","Muaro Jambi","Tebat Patah",1,"Rubber",2018
"710",471,"lygodium cf.circinatum","24","Muaro Jambi","Tebat Patah",1,"Rubber",2018
"711",471,"globba pandula","82","Muaro Jambi","Tebat Patah",1,"Rubber",2018
"712",471,"phyllanthus urinaria","1","Muaro Jambi","Tebat Patah",1,"Rubber",2018
"713",471,"climbing rubber","21","Muaro Jambi","Tebat Patah",1,"Rubber",2018
"714",474,"Adiantum latifolium","49","Muaro Jambi","Tebat Patah",1,"Rubber",2018
"715",474,"Asystasia gangetica","315","Muaro Jambi","Tebat Patah",1,"Rubber",2018
"716",474,"Davallia denticulata","8","Muaro Jambi","Tebat Patah",1,"Rubber",2018
"717",474,"Mikania micrantha","4","Muaro Jambi","Tebat Patah",1,"Rubber",2018
"718",474,"Molineria latifolia","4","Muaro Jambi","Tebat Patah",1,"Rubber",2018
"719",474,"Ottochloa nodosa","102","Muaro Jambi","Tebat Patah",1,"Rubber",2018
"720",474,"Stenochlaena palustris","24","Muaro Jambi","Tebat Patah",1,"Rubber",2018
"721",474,"Leptaspis urceolata","48","Muaro Jambi","Tebat Patah",1,"Rubber",2018
"722",474,"Cocoa","2","Muaro Jambi","Tebat Patah",1,"Rubber",2018
"723",474,"Mangifera indica","1","Muaro Jambi","Tebat Patah",1,"Rubber",2018
"724",474,"Marantodes Pumilum","4","Muaro Jambi","Tebat Patah",1,"Rubber",2018
"725",474,"Kunyit hutan","2","Muaro Jambi","Tebat Patah",1,"Rubber",2018
"726",482,"Asystasia gangetica","21","Muaro Jambi","Tanjung Katung",1,"Palm Oil",2018
"727",482,"Axonopus compressus","72","Muaro Jambi","Tanjung Katung",1,"Palm Oil",2018
"728",482,"Clidemia hirta","13","Muaro Jambi","Tanjung Katung",1,"Palm Oil",2018
"729",482,"Ixora grandifolia","5","Muaro Jambi","Tanjung Katung",1,"Palm Oil",2018
"730",482,"Legazpia polygonoides","1053","Muaro Jambi","Tanjung Katung",1,"Palm Oil",2018
"731",482,"Lindsaea ensifolia","2","Muaro Jambi","Tanjung Katung",1,"Palm Oil",2018
"732",482,"LN: Pandan","8","Muaro Jambi","Tanjung Katung",1,"Palm Oil",2018
"733",482,"Lygodium circinatum","31","Muaro Jambi","Tanjung Katung",1,"Palm Oil",2018
"734",482,"Lygodium salicifolium","12","Muaro Jambi","Tanjung Katung",1,"Palm Oil",2018
"735",482,"Macaranga bancana","3","Muaro Jambi","Tanjung Katung",1,"Palm Oil",2018
"736",482,"Melastoma malabathricum","9","Muaro Jambi","Tanjung Katung",1,"Palm Oil",2018
"737",482,"Molineria latifolia","6","Muaro Jambi","Tanjung Katung",1,"Palm Oil",2018
"738",482,"Ottochloa nodosa","106","Muaro Jambi","Tanjung Katung",1,"Palm Oil",2018
"739",482,"Phylanthus urinaria","3","Muaro Jambi","Tanjung Katung",1,"Palm Oil",2018
"740",482,"Scleria ciliaris","21","Muaro Jambi","Tanjung Katung",1,"Palm Oil",2018
"741",482,"Stachytarpheta jamaicensis","3","Muaro Jambi","Tanjung Katung",1,"Palm Oil",2018
"742",482,"Taenitis blechnoides","2","Muaro Jambi","Tanjung Katung",1,"Palm Oil",2018
"743",482,"Leptaspis urceolata","12","Muaro Jambi","Tanjung Katung",1,"Palm Oil",2018
"744",482,"Cyrtococcum patens","43","Muaro Jambi","Tanjung Katung",1,"Palm Oil",2018
"745",482,"Cleome Rutidosperma","19","Muaro Jambi","Tanjung Katung",1,"Palm Oil",2018
"746",482,"Pucuk Berbulu","3","Muaro Jambi","Tanjung Katung",1,"Palm Oil",2018
"747",488,"Clidemia hirta","28","Muaro Jambi","Tanjung Katung",1,"Palm Oil",2018
"748",488,"Hevea Brasiliensis","8","Muaro Jambi","Tanjung Katung",1,"Palm Oil",2018
"749",488,"Imperata cylindrica","8","Muaro Jambi","Tanjung Katung",1,"Palm Oil",2018
"750",488,"Lindsaea ensifolia","360","Muaro Jambi","Tanjung Katung",1,"Palm Oil",2018
"751",488,"Melastoma malabathricum","2","Muaro Jambi","Tanjung Katung",1,"Palm Oil",2018
"752",488,"488_No Name","2","Muaro Jambi","Tanjung Katung",1,"Palm Oil",2018
"753",488,"Lasianthus inaequalis","6","Muaro Jambi","Tanjung Katung",1,"Palm Oil",2018
"754",488,"Salomonia cantoniensis","5","Muaro Jambi","Tanjung Katung",1,"Palm Oil",2018
"755",488,"Looks Like Acmella Paniculata","4","Muaro Jambi","Tanjung Katung",1,"Palm Oil",2018
"756",488,"Looks Like peperomia pellucida","2","Muaro Jambi","Tanjung Katung",1,"Palm Oil",2018
"757",495,"Adiantum latifolium","2","Muaro Jambi","Tanjung Katung",1,"Palm Oil",2018
"758",495,"Asystasia gangetica","412","Muaro Jambi","Tanjung Katung",1,"Palm Oil",2018
"759",495,"Davallia denticulata","8","Muaro Jambi","Tanjung Katung",1,"Palm Oil",2018
"760",495,"Lindsaea ensifolia","3","Muaro Jambi","Tanjung Katung",1,"Palm Oil",2018
"761",495,"Taenitis blechnoides","25","Muaro Jambi","Tanjung Katung",1,"Palm Oil",2018
"762",495,"Rothmannia macrophylla","2","Muaro Jambi","Tanjung Katung",1,"Palm Oil",2018
"763",495,"Daun Bergerigi","10","Muaro Jambi","Tanjung Katung",1,"Palm Oil",2018
"764",502,"Clidemia hirta","3","Tebo","Teriti",1,"Rubber",2018
"765",502,"Dicranopteris linearis","34","Tebo","Teriti",1,"Rubber",2018
"766",502,"LN: Pulai sp. 1","28","Tebo","Teriti",1,"Rubber",2018
"767",502,"Macaranga bancana","2","Tebo","Teriti",1,"Rubber",2018
"768",502,"Mussaenda frondosa","2","Tebo","Teriti",1,"Rubber",2018
"769",502,"Phyllanthus urinaria","2","Tebo","Teriti",1,"Rubber",2018
"770",502,"Scleria ciliaris","234","Tebo","Teriti",1,"Rubber",2018
"771",502,"Sirih Sirihan","8","Tebo","Teriti",1,"Rubber",2018
"772",502,"Calopogonium Mucunoides","1","Tebo","Teriti",1,"Rubber",2018
"773",502,"Uncaria Cordata","4","Tebo","Teriti",1,"Rubber",2018
"774",502,"Daun berpori","2","Tebo","Teriti",1,"Rubber",2018
"775",502,"Molinera Latifolia","5","Tebo","Teriti",1,"Rubber",2018
"776",502,"Mirip Kedondong","2","Tebo","Teriti",1,"Rubber",2018
"777",502,"Tanaman Hias 1","1","Tebo","Teriti",1,"Rubber",2018
"778",502,"Artocarpus sp","1","Tebo","Teriti",1,"Rubber",2018
"779",505,"Ageratum conyzoides","1","Tebo","Teriti",1,"Rubber",2018
"780",505,"Asystasia gangetica","9","Tebo","Teriti",1,"Rubber",2018
"781",505,"Clidemia hirta","68","Tebo","Teriti",1,"Rubber",2018
"782",505,"Croton hirtus","23","Tebo","Teriti",1,"Rubber",2018
"783",505,"Davallia denticulata","13","Tebo","Teriti",1,"Rubber",2018
"784",505,"Lindsaea ensifolia","6","Tebo","Teriti",1,"Rubber",2018
"785",505,"Macaranga bancana","12","Tebo","Teriti",1,"Rubber",2018
"786",505,"Melastoma malabathricum","2","Tebo","Teriti",1,"Rubber",2018
"787",505,"Scleria ciliaris","36","Tebo","Teriti",1,"Rubber",2018
"788",505,"cleome rutidosperma","14","Tebo","Teriti",1,"Rubber",2018
"789",505,"Centotheca lappacea","176","Tebo","Teriti",1,"Rubber",2018
"790",505,"like daun katu ","1","Tebo","Teriti",1,"Rubber",2018
"791",508,"Alstonia scholaris","2","Tebo","Teriti",1,"Rubber",2018
"792",508,"Asystasia gangetica","2","Tebo","Teriti",1,"Rubber",2018
"793",508,"Borreria latifolia","6","Tebo","Teriti",1,"Rubber",2018
"794",508,"Clidemia hirta","5","Tebo","Teriti",1,"Rubber",2018
"795",508,"Dicranopteris linearis","1","Tebo","Teriti",1,"Rubber",2018
"796",508,"Ixora grandifolia","2","Tebo","Teriti",1,"Rubber",2018
"797",508,"Molineria latifolia","2","Tebo","Teriti",1,"Rubber",2018
"798",508,"Scleria ciliaris","18","Tebo","Teriti",1,"Rubber",2018
"799",508,"Tetracera indica","3","Tebo","Teriti",1,"Rubber",2018
"800",508,"pakis hutan","3","Tebo","Teriti",1,"Rubber",2018
"801",508,"Melastoma malabathricum","3","Tebo","Teriti",1,"Rubber",2018
"802",508,"globba pendula","41","Tebo","Teriti",1,"Rubber",2018
"803",508,"centrosema pubescens","4","Tebo","Teriti",1,"Rubber",2018
"804",508,"Endospermum diadenum","3","Tebo","Teriti",1,"Rubber",2018
"805",519,"Asystasia gangetica","12","Tebo","Giriwinangun",4,"Rubber",2018
"806",519,"Clidemia hirta","9","Tebo","Giriwinangun",4,"Rubber",2018
"807",519,"Ixora grandifolia","2","Tebo","Giriwinangun",4,"Rubber",2018
"808",519,"Lindsaea ensifolia","4","Tebo","Giriwinangun",4,"Rubber",2018
"809",519,"LN: Pulai","1","Tebo","Giriwinangun",4,"Rubber",2018
"810",519,"Ottochloa nodosa","2034","Tebo","Giriwinangun",4,"Rubber",2018
"811",519,"Taenitis blechnoides","6","Tebo","Giriwinangun",4,"Rubber",2018
"812",519,"Tetracera indica","2","Tebo","Giriwinangun",4,"Rubber",2018
"813",519,"Cyrtococcum patens","78","Tebo","Giriwinangun",4,"Rubber",2018
"814",541,"Lindsaea ensifolia","10","Tebo","Sepakat Bersatu",1,"Rubber",2018
"815",541,"Melastoma malabathricum","4","Tebo","Sepakat Bersatu",1,"Rubber",2018
"816",541,"Centotheca lappacea","36","Tebo","Sepakat Bersatu",1,"Rubber",2018
"817",541,"cleome rutidosperma","1","Tebo","Sepakat Bersatu",1,"Rubber",2018
"818",541,"Syzygium polyanthum","2","Tebo","Sepakat Bersatu",1,"Rubber",2018
"819",543,"Borreria latifolia","64","Tebo","Sepakat Bersatu",1,"Rubber",2018
"820",543,"Lygodium salicifolium","5","Tebo","Sepakat Bersatu",1,"Rubber",2018
"821",543,"Macaranga triloba","1","Tebo","Sepakat Bersatu",1,"Rubber",2018
"822",543,"cleome rutidosperma","34","Tebo","Sepakat Bersatu",1,"Rubber",2018
"823",543,"Cyrtococcum patens","63","Tebo","Sepakat Bersatu",1,"Rubber",2018
"824",543,"pennisetum polystachion","32","Tebo","Sepakat Bersatu",1,"Rubber",2018
"825",543,"like goniophlebium ","6","Tebo","Sepakat Bersatu",1,"Rubber",2018
"826",554,"cleome rutidosperma","1","Tebo","Pulau Panjang",1,"Rubber",2018
"827",554,"lygodium cf.salicifolium","2","Tebo","Pulau Panjang",1,"Rubber",2018
"828",565,"Axonopus compressus","21","Tebo","Rantau Langkap",1,"Rubber",2018
"829",565,"Bauhinia semibifida","3","Tebo","Rantau Langkap",1,"Rubber",2018
"830",565,"Clidemia hirta","5","Tebo","Rantau Langkap",1,"Rubber",2018
"831",565,"Dicranopteris linearis","22","Tebo","Rantau Langkap",1,"Rubber",2018
"832",565,"Lindsaea ensifolia","15","Tebo","Rantau Langkap",1,"Rubber",2018
"833",565,"Lygodium circinatum","8","Tebo","Rantau Langkap",1,"Rubber",2018
"834",565,"Macaranga bancana","2","Tebo","Rantau Langkap",1,"Rubber",2018
"835",565,"Melastoma malabathricum","9","Tebo","Rantau Langkap",1,"Rubber",2018
"836",565,"Ottochloa nodosa","998","Tebo","Rantau Langkap",1,"Rubber",2018
"837",565,"Phylanthus urinaria","9","Tebo","Rantau Langkap",1,"Rubber",2018
"838",565,"Scleria ciliaris","8","Tebo","Rantau Langkap",1,"Rubber",2018
"839",565,"Stenochlaena palustris","8","Tebo","Rantau Langkap",1,"Rubber",2018
"840",565,"Tetracera indica","5","Tebo","Rantau Langkap",1,"Rubber",2018
"841",565,"Cyrtococcum patens","105","Tebo","Rantau Langkap",1,"Rubber",2018
"842",565,"Leptaspis urceolata","73","Tebo","Rantau Langkap",1,"Rubber",2018
"843",565,"Calopogonium Mucunoides","4","Tebo","Rantau Langkap",1,"Rubber",2018
"844",565,"Amplas Kijang","49","Tebo","Rantau Langkap",1,"Rubber",2018
"845",565,"Centrosema Pubesens","3","Tebo","Rantau Langkap",1,"Rubber",2018
"846",565,"Passiflora Foetida","2","Tebo","Rantau Langkap",1,"Rubber",2018
"847",569,"Blechnum orientale","6","Tebo","Rantau Langkap",1,"Rubber",2018
"848",569,"Lindsaea ensifolia","8","Tebo","Rantau Langkap",1,"Rubber",2018
"849",569,"Molineria latifolia","3","Tebo","Rantau Langkap",1,"Rubber",2018
"850",569,"Ottochloa nodosa","2734","Tebo","Rantau Langkap",1,"Rubber",2018
"851",569,"Taenitis blechnoides","10","Tebo","Rantau Langkap",1,"Rubber",2018
"852",569,"Tetracera indica","4","Tebo","Rantau Langkap",1,"Rubber",2018
"853",569,"Calopogonium Mucunoides","25","Tebo","Rantau Langkap",1,"Rubber",2018
"854",569,"Centrosema pubescens","38","Tebo","Rantau Langkap",1,"Rubber",2018
"855",569,"Kunyit kunyitan","10","Tebo","Rantau Langkap",1,"Rubber",2018
"856",569,"Leptaspis urceolata","20","Tebo","Rantau Langkap",1,"Rubber",2018
"857",569,"Endospermum diadenum","2","Tebo","Rantau Langkap",1,"Rubber",2018
"858",575,"Lindsaea diffusa","2","Tebo","Rantau Langkap",1,"Rubber",2018
"859",575,"Lindsaea ensifolia","3","Tebo","Rantau Langkap",1,"Rubber",2018
"860",575,"Lygodium circinatum","6","Tebo","Rantau Langkap",1,"Rubber",2018
"861",575,"Macaranga bancana","1","Tebo","Rantau Langkap",1,"Rubber",2018
"862",575,"Mussaenda frondosa","10","Tebo","Rantau Langkap",1,"Rubber",2018
"863",575,"Ottochloa nodosa","718","Tebo","Rantau Langkap",1,"Rubber",2018
"864",575,"Oxalis barrelieri","3","Tebo","Rantau Langkap",1,"Rubber",2018
"865",575,"Phylanthus urinaria","4","Tebo","Rantau Langkap",1,"Rubber",2018
"866",575,"Rolandra fruticosa","6","Tebo","Rantau Langkap",1,"Rubber",2018
"867",575,"Amplas Kijang","32","Tebo","Rantau Langkap",1,"Rubber",2018
"868",575,"Lasianthus inaequalis","3","Tebo","Rantau Langkap",1,"Rubber",2018
"869",575,"Centrosema Pubescens","8","Tebo","Rantau Langkap",1,"Rubber",2018
"870",575,"Rothmannia macrophylla","3","Tebo","Rantau Langkap",1,"Rubber",2018
"871",575,"Endospermum diadenum","2","Tebo","Rantau Langkap",1,"Rubber",2018
"872",575,"Leptaspis urceolata","20","Tebo","Rantau Langkap",1,"Rubber",2018
"873",579,"Asystasia gangetica","25","Tebo","Aur Cino",1,"Rubber",2018
"874",579,"Axonopus compressus","8","Tebo","Aur Cino",1,"Rubber",2018
"875",579,"Clidemia hirta","4","Tebo","Aur Cino",1,"Rubber",2018
"876",579,"Lindsaea ensifolia","3","Tebo","Aur Cino",1,"Rubber",2018
"877",579,"Rolandra fruticosa","16","Tebo","Aur Cino",1,"Rubber",2018
"878",579,"Endospermum diadenum","5","Tebo","Aur Cino",1,"Rubber",2018
"879",579,"Mangifera indica","2","Tebo","Aur Cino",1,"Rubber",2018
"880",579,"Daun Bergetah","5","Tebo","Aur Cino",1,"Rubber",2018
"881",579,"Sirih Sirihan","2","Tebo","Aur Cino",1,"Rubber",2018
"882",581,"Bauhinia semibifida","6","Tebo","Aur Cino",1,"Rubber",2018
"883",581,"Clidemia hirta","31","Tebo","Aur Cino",1,"Rubber",2018
"884",581,"Lindsaea ensifolia","21","Tebo","Aur Cino",1,"Rubber",2018
"885",581,"Lygodium salicifolium","8","Tebo","Aur Cino",1,"Rubber",2018
"886",581,"Macaranga bancana","2","Tebo","Aur Cino",1,"Rubber",2018
"887",581,"Ottochloa nodosa","134","Tebo","Aur Cino",1,"Rubber",2018
"888",581,"Phylanthus urinaria","15","Tebo","Aur Cino",1,"Rubber",2018
"889",581,"Scleria ciliaris","45","Tebo","Aur Cino",1,"Rubber",2018
"890",581,"Stenochlaena palustris","19","Tebo","Aur Cino",1,"Rubber",2018
"891",581,"Taenitis blechnoides","17","Tebo","Aur Cino",1,"Rubber",2018
"892",581,"Tetracera indica","3","Tebo","Aur Cino",1,"Rubber",2018
"893",581,"Sauropus androgynus","4","Tebo","Aur Cino",1,"Rubber",2018
"894",581,"Daun Double","3","Tebo","Aur Cino",1,"Rubber",2018
"895",581,"Sirih Sirihan","4","Tebo","Aur Cino",1,"Rubber",2018
"896",581,"Kunyit Hutan","8","Tebo","Aur Cino",1,"Rubber",2018
"897",581,"Daun gerigi tumpul","4","Tebo","Aur Cino",1,"Rubber",2018
"898",581,"Daun Sobek","1","Tebo","Aur Cino",1,"Rubber",2018
"899",581,"Leptaspis urceolata","53","Tebo","Aur Cino",1,"Rubber",2018
"900",581,"Mirip Ixora","2","Tebo","Aur Cino",1,"Rubber",2018
"901",584,"Axonopus compressus","30","Tebo","Aur Cino",1,"Rubber",2018
"902",584,"Clidemia hirta","18","Tebo","Aur Cino",1,"Rubber",2018
"903",584,"Melastoma malabathricum","3","Tebo","Aur Cino",1,"Rubber",2018
"904",584,"Ottochloa nodosa","84","Tebo","Aur Cino",1,"Rubber",2018
"905",584,"Leptaspis urceolata","32","Tebo","Aur Cino",1,"Rubber",2018
"906",584,"Lansium parasiticum
","2","Tebo","Aur Cino",1,"Rubber",2018
"907",584,"Mallotus peltatus","5","Tebo","Aur Cino",1,"Rubber",2018
"908",588,"Axonopus compressus","33","Tebo","Aur Cino",1,"Rubber",2018
"909",588,"Clidemia hirta","25","Tebo","Aur Cino",1,"Rubber",2018
"910",588,"Dicranopteris linearis","12","Tebo","Aur Cino",1,"Rubber",2018
"911",588,"Macaranga bancana","4","Tebo","Aur Cino",1,"Rubber",2018
"912",588,"Ottochloa nodosa","73","Tebo","Aur Cino",1,"Rubber",2018
"913",588,"Phyllanthus urinaria","8","Tebo","Aur Cino",1,"Rubber",2018
"914",588,"Scleria ciliaris","142","Tebo","Aur Cino",1,"Rubber",2018
"915",588,"Spermaococe cristata","42","Tebo","Aur Cino",1,"Rubber",2018
"916",588,"Leptaspis urceolata","23","Tebo","Aur Cino",1,"Rubber",2018
"917",588,"Cleome Rutidosperma","32","Tebo","Aur Cino",1,"Rubber",2018
"918",597,"Clidemia hirta","21","Tebo","Muaro Tabun",1,"Rubber",2018
"919",597,"Imperata cylindrica","40","Tebo","Muaro Tabun",1,"Rubber",2018
"920",597,"LN: Pandan","4","Tebo","Muaro Tabun",1,"Rubber",2018
"921",597,"Lygodium salicifolium","8","Tebo","Muaro Tabun",1,"Rubber",2018
"922",597,"Macaranga bancana","3","Tebo","Muaro Tabun",1,"Rubber",2018
"923",597,"Melastoma malabathricum","6","Tebo","Muaro Tabun",1,"Rubber",2018
"924",597,"Ottochloa nodosa","83","Tebo","Muaro Tabun",1,"Rubber",2018
"925",597,"Scleria ciliaris","12","Tebo","Muaro Tabun",1,"Rubber",2018
"926",597,"Tulang Daun Merah","5","Tebo","Muaro Tabun",1,"Rubber",2018
"927",597,"Mangifera indica","2","Tebo","Muaro Tabun",1,"Rubber",2018
"928",610,"Daun Lebar","merambat, tidak bergetah","Bungo","Muara Kuamang",1,"Rubber",2018
"929",611,"Adiantum latifolium","32","Bungo","Muara Kuamang",1,"Palm Oil",2018
"930",611,"Clidemia hirta","67","Bungo","Muara Kuamang",1,"Palm Oil",2018
"931",611,"Dicranopteris linearis","24","Bungo","Muara Kuamang",1,"Palm Oil",2018
"932",611,"Elaeis guineensis","3","Bungo","Muara Kuamang",1,"Palm Oil",2018
"933",611,"Imperata cylindrica","3","Bungo","Muara Kuamang",1,"Palm Oil",2018
"934",611,"Lindsaea ensifolia","447","Bungo","Muara Kuamang",1,"Palm Oil",2018
"935",611,"Lygodium circinatum","4","Bungo","Muara Kuamang",1,"Palm Oil",2018
"936",611,"Scleria ciliaris","1","Bungo","Muara Kuamang",1,"Palm Oil",2018
"937",611,"Tetracera indica","1","Bungo","Muara Kuamang",1,"Palm Oil",2018
"938",611,"No Name","11","Bungo","Muara Kuamang",1,"Palm Oil",2018
"939",611,"Mussaenda frondosa","8","Bungo","Muara Kuamang",1,"Palm Oil",2018
"940",611,"Selaginella Plana","41","Bungo","Muara Kuamang",1,"Palm Oil",2018
"941",629,"Ageratum conyzoides","1","Bungo","Maju Jaya",1,"Palm Oil",2018
"942",629,"Blechnum orientale","121","Bungo","Maju Jaya",1,"Palm Oil",2018
"943",629,"Clidemia hirta","189","Bungo","Maju Jaya",1,"Palm Oil",2018
"944",629,"Dicranopteris linearis","83","Bungo","Maju Jaya",1,"Palm Oil",2018
"945",629,"Elaeis guineensis","1","Bungo","Maju Jaya",1,"Palm Oil",2018
"946",629,"Hevea Brasiliensis","8","Bungo","Maju Jaya",1,"Palm Oil",2018
"947",629,"Imperata cylindrica","2","Bungo","Maju Jaya",1,"Palm Oil",2018
"948",629,"Lindsaea ensifolia","85","Bungo","Maju Jaya",1,"Palm Oil",2018
"949",629,"Melastoma malabathricum","14","Bungo","Maju Jaya",1,"Palm Oil",2018
"950",638,"Axonopus compressus","324","Bungo","Laman Panjang",2,"Rubber",2018
"951",638,"Clidemia hirta","17","Bungo","Laman Panjang",2,"Rubber",2018
"952",638,"Lindsaea ensifolia","2","Bungo","Laman Panjang",2,"Rubber",2018
"953",638,"Lygodium circinatum","2","Bungo","Laman Panjang",2,"Rubber",2018
"954",638,"Lygodium salicifolium","6","Bungo","Laman Panjang",2,"Rubber",2018
"955",638,"Melastoma malabathricum","1","Bungo","Laman Panjang",2,"Rubber",2018
"956",638,"Mikania micrantha","3","Bungo","Laman Panjang",2,"Rubber",2018
"957",638,"Spermaococe cristata","3","Bungo","Laman Panjang",2,"Rubber",2018
"958",638,"Tetracera indica","1","Bungo","Laman Panjang",2,"Rubber",2018
"959",638,"Sungkai","1","Bungo","Laman Panjang",2,"Rubber",2018
"960",638,"Endospermum diadenum","3","Bungo","Laman Panjang",2,"Rubber",2018
"961",638,"Passiflora Foetida","2","Bungo","Laman Panjang",2,"Rubber",2018
"962",638,"Cyrtococcum patens","4589","Bungo","Laman Panjang",2,"Rubber",2018
"963",638,"Paku Cemara","6","Bungo","Laman Panjang",2,"Rubber",2018
"964",638,"Leptaspis urceolata","15","Bungo","Laman Panjang",2,"Rubber",2018
"965",638,"Duku","8","Bungo","Laman Panjang",2,"Rubber",2018
"966",638,"Rothmannia macrophylla","1","Bungo","Laman Panjang",2,"Rubber",2018
"967",639,"Blechnum orientale","12","Bungo","Laman Panjang",1,"Rubber",2018
"968",639,"Clidemia hirta","34","Bungo","Laman Panjang",1,"Rubber",2018
"969",639,"Lindsaea ensifolia","3","Bungo","Laman Panjang",1,"Rubber",2018
"970",639,"LN: Lengkuas","2","Bungo","Laman Panjang",1,"Rubber",2018
"971",639,"Ludwigia octovalvis","4","Bungo","Laman Panjang",1,"Rubber",2018
"972",639,"Lygodium circinatum","4","Bungo","Laman Panjang",1,"Rubber",2018
"973",639,"Phylanthus urinaria","5","Bungo","Laman Panjang",1,"Rubber",2018
"974",639,"Scleria ciliaris","3","Bungo","Laman Panjang",1,"Rubber",2018
"975",639,"Lasianthus inaequalis","2","Bungo","Laman Panjang",1,"Rubber",2018
"976",639,"Paku Cemara","10","Bungo","Laman Panjang",1,"Rubber",2018
"977",639,"Sugkai","3","Bungo","Laman Panjang",1,"Rubber",2018
"978",639,"Cyrtococcum patens","15","Bungo","Laman Panjang",1,"Rubber",2018
"979",639,"Pouzolzia Zeylanica","2","Bungo","Laman Panjang",1,"Rubber",2018
"980",639,"Daun Menjari","8","Bungo","Laman Panjang",1,"Rubber",2018
"981",639,"Leptaspis urceolata","12","Bungo","Laman Panjang",1,"Rubber",2018
"982",639,"Endospermum diadenum","1","Bungo","Laman Panjang",1,"Rubber",2018
"983",639,"Durian","1","Bungo","Laman Panjang",1,"Rubber",2018
"984",639,"Rambutan","1","Bungo","Laman Panjang",1,"Rubber",2018
"985",639,"Sirih Sirihan","1","Bungo","Laman Panjang",1,"Rubber",2018
"986",641,"Blechnum orientale","1","Bungo","Laman Panjang",1,"Rubber",2018
"987",641,"Clidemia hirta","15","Bungo","Laman Panjang",1,"Rubber",2018
"988",641,"LN: Laos- Laosan","3","Bungo","Laman Panjang",1,"Rubber",2018
"989",641,"Ludwigia octovalvis","4","Bungo","Laman Panjang",1,"Rubber",2018
"990",641,"Mussaenda frondosa","2","Bungo","Laman Panjang",1,"Rubber",2018
"991",641,"Tetracera indica","6","Bungo","Laman Panjang",1,"Rubber",2018
"992",641,"Sungkai","6","Bungo","Laman Panjang",1,"Rubber",2018
"993",641,"Paku Cemara","29","Bungo","Laman Panjang",1,"Rubber",2018
"994",641,"Asplenium Glaucophyllum","2","Bungo","Laman Panjang",1,"Rubber",2018
"995",641,"Paku Lebar","5","Bungo","Laman Panjang",1,"Rubber",2018
"996",641,"Cheilocostus Speciosus","3","Bungo","Laman Panjang",1,"Rubber",2018
"997",641,"Daun Lirik","9","Bungo","Laman Panjang",1,"Rubber",2018
"998",641,"Daun Kunyit kunyitan","6","Bungo","Laman Panjang",1,"Rubber",2018
"999",641,"Rothmannia macrophylla","5","Bungo","Laman Panjang",1,"Rubber",2018
"1000",641,"Lasianthus inaequalis","2","Bungo","Laman Panjang",1,"Rubber",2018
"1001",641,"Eulophia Spectabilis","2","Bungo","Laman Panjang",1,"Rubber",2018
"1002",641,"Endospermum diadenum","2","Bungo","Laman Panjang",1,"Rubber",2018
"1003",641,"Paku Pipih","3","Bungo","Laman Panjang",1,"Rubber",2018
"1004",649,"Asystasia gangetica","63","Bungo","Tebing Tinggi",1,"Rubber",2018
"1005",649,"Blechnum orientale","5","Bungo","Tebing Tinggi",1,"Rubber",2018
"1006",649,"Chromolaena odorata","4","Bungo","Tebing Tinggi",1,"Rubber",2018
"1007",649,"Clidemia hirta","85","Bungo","Tebing Tinggi",1,"Rubber",2018
"1008",649,"Lantana camara","15","Bungo","Tebing Tinggi",1,"Rubber",2018
"1009",649,"Phyllanthus urinaria","8","Bungo","Tebing Tinggi",1,"Rubber",2018
"1010",649,"Scleria ciliaris","75","Bungo","Tebing Tinggi",1,"Rubber",2018
"1011",649,"Cyrtococcum patens","96","Bungo","Tebing Tinggi",1,"Rubber",2018
"1012",649,"Leptaspis urceolata","23","Bungo","Tebing Tinggi",1,"Rubber",2018
"1013",649,"Calopogonium Mucunoides","2","Bungo","Tebing Tinggi",1,"Rubber",2018
"1014",649,"Paku Cemara","32","Bungo","Tebing Tinggi",1,"Rubber",2018
"1015",649,"Lindsaea Salicifolium","5","Bungo","Tebing Tinggi",1,"Rubber",2018
"1016",649,"Mirip Macaranga (love)","4","Bungo","Tebing Tinggi",1,"Rubber",2018
"1017",649,"Uncaria Cordata","1","Bungo","Tebing Tinggi",1,"Rubber",2018
"1018",649,"Rothmannia macrophylla","4","Bungo","Tebing Tinggi",1,"Rubber",2018
"1019",649,"Sirih Sirihan","3","Bungo","Tebing Tinggi",1,"Rubber",2018
"1020",650,"Blechnum orientale","36","Bungo","Tebing Tinggi",1,"Rubber",2018
"1021",650,"Clidemia hirta","134","Bungo","Tebing Tinggi",1,"Rubber",2018
"1022",650,"Goniophlebium verrucosum","12","Bungo","Tebing Tinggi",1,"Rubber",2018
"1023",650,"LN: Laos- Laosan","2","Bungo","Tebing Tinggi",1,"Rubber",2018
"1024",650,"Molineria latifolia","1","Bungo","Tebing Tinggi",1,"Rubber",2018
"1025",650,"Scleria ciliaris","3","Bungo","Tebing Tinggi",1,"Rubber",2018
"1026",650,"Stenochlaena palustris","63","Bungo","Tebing Tinggi",1,"Rubber",2018
"1027",650,"Paku Cemara","15","Bungo","Tebing Tinggi",1,"Rubber",2018
"1028",650,"Lasianthus inaequalis","9","Bungo","Tebing Tinggi",1,"Rubber",2018
"1029",650,"Centrosema Pubescens","6","Bungo","Tebing Tinggi",1,"Rubber",2018
"1030",650,"Amplas Kijang","15","Bungo","Tebing Tinggi",1,"Rubber",2018
"1031",650,"Cyrtococcum patens","124","Bungo","Tebing Tinggi",1,"Rubber",2018
"1032",650,"Sauropus androgynus (daun katu)","1","Bungo","Tebing Tinggi",1,"Rubber",2018
"1033",650,"Calopogonium Mucunoides","8","Bungo","Tebing Tinggi",1,"Rubber",2018
"1034",658,"Kedobdong","bergetah","Bungo","Tanjung Agung",2,"Rubber",2018
"1035",667,"Adiantum latifolium","4","Bungo","Tanjung Agung",2,"Rubber",2018
"1036",667,"Clidemia hirta","3","Bungo","Tanjung Agung",2,"Rubber",2018
"1037",667,"Dicranopteris linearis","12","Bungo","Tanjung Agung",2,"Rubber",2018
"1038",667,"Hevea Brasiliensis","29","Bungo","Tanjung Agung",2,"Rubber",2018
"1039",667,"Imperata cylindrica","19","Bungo","Tanjung Agung",2,"Rubber",2018
"1040",667,"Lindsaea ensifolia","17","Bungo","Tanjung Agung",2,"Rubber",2018
"1041",667,"Macaranga bancana","1","Bungo","Tanjung Agung",2,"Rubber",2018
"1042",667,"Looks like cleome rutidosperma","18","Bungo","Tanjung Agung",2,"Rubber",2018
"1043",667,"Uncaria Cordata","11","Bungo","Tanjung Agung",2,"Rubber",2018
"1044",667,"Looks Like Tetracera Indica","28","Bungo","Tanjung Agung",2,"Rubber",2018
"1045",667,"Cyrtococcum patens","23","Bungo","Tanjung Agung",2,"Rubber",2018
"1046",667,"Mallotus peltatus","1","Bungo","Tanjung Agung",2,"Rubber",2018
"1047",667,"No Name","1","Bungo","Tanjung Agung",2,"Rubber",2018
"1048",670,"Adiantum latifolium","13","Bungo","Tanjung Agung",3,"Rubber",2018
"1049",670,"Clidemia hirta","68","Bungo","Tanjung Agung",3,"Rubber",2018
"1050",670,"Dicranopteris linearis","8","Bungo","Tanjung Agung",3,"Rubber",2018
"1051",670,"Hevea Brasiliensis","7","Bungo","Tanjung Agung",3,"Rubber",2018
"1052",670,"Lindsaea ensifolia","368","Bungo","Tanjung Agung",3,"Rubber",2018
"1053",670,"Melastoma malabathricum","52","Bungo","Tanjung Agung",3,"Rubber",2018
"1054",670,"Scleria ciliaris","33","Bungo","Tanjung Agung",3,"Rubber",2018
"1055",670,"Endospermum diadenum","3","Bungo","Tanjung Agung",3,"Rubber",2018
"1056",670,"Pouzolzia Zeylanica","13","Bungo","Tanjung Agung",3,"Rubber",2018
"1057",670,"Cyrtococcum patens","2","Bungo","Tanjung Agung",3,"Rubber",2018
"1058",672,"Clidemia hirta","80","Bungo","Teluk Pandak",3,"Rubber",2018
"1059",672,"Dicranopteris linearis","112","Bungo","Teluk Pandak",3,"Rubber",2018
"1060",672,"Lindsaea ensifolia","21","Bungo","Teluk Pandak",3,"Rubber",2018
"1061",672,"LN: Rambutan","1","Bungo","Teluk Pandak",3,"Rubber",2018
"1062",672,"Melastoma malabathricum","12","Bungo","Teluk Pandak",3,"Rubber",2018
"1063",672,"Scleria ciliaris","62","Bungo","Teluk Pandak",3,"Rubber",2018
"1064",672,"Stenochlaena palustris","70","Bungo","Teluk Pandak",3,"Rubber",2018
"1065",672,"Cyrtococcum patens","50","Bungo","Teluk Pandak",3,"Rubber",2018
"1066",672,"Bunga Merah","124","Bungo","Teluk Pandak",3,"Rubber",2018
"1067",672,"Sauropus androgynus","2","Bungo","Teluk Pandak",3,"Rubber",2018
"1068",672,"mirip Lindsaea","70","Bungo","Teluk Pandak",3,"Rubber",2018
"1069",675,"Clidemia hirta","107","Bungo","Teluk Pandak",1,"Rubber",2018
"1070",675,"Hevea Brasiliensis","4","Bungo","Teluk Pandak",1,"Rubber",2018
"1071",675,"Lindsaea ensifolia","628","Bungo","Teluk Pandak",1,"Rubber",2018
"1072",675,"Melastoma malabathricum","4","Bungo","Teluk Pandak",1,"Rubber",2018
"1073",675,"Scleria ciliaris","27","Bungo","Teluk Pandak",1,"Rubber",2018
"1074",675,"Cyrtococcum patens","36","Bungo","Teluk Pandak",1,"Rubber",2018
"1075",675,"No Name","2","Bungo","Teluk Pandak",1,"Rubber",2018
"1076",678,"Clidemia hirta","60","Bungo","Teluk Pandak",1,"Rubber",2018
"1077",678,"Macaranga bancana","5","Bungo","Teluk Pandak",1,"Rubber",2018
"1078",678,"Melastoma malabathricum","22","Bungo","Teluk Pandak",1,"Rubber",2018
"1079",678,"Mikania micrantha","5","Bungo","Teluk Pandak",1,"Rubber",2018
"1080",678,"Scleria ciliaris","152","Bungo","Teluk Pandak",1,"Rubber",2018
"1081",678,"Stenochlaena palustris","57","Bungo","Teluk Pandak",1,"Rubber",2018
"1082",678,"Taenitis blechnoides","55","Bungo","Teluk Pandak",1,"Rubber",2018
"1083",678,"Leptaspis urceolata","21","Bungo","Teluk Pandak",1,"Rubber",2018
"1084",678,"Kantong Semar","10","Bungo","Teluk Pandak",1,"Rubber",2018
"1085",678,"Colocasia Esculenta","1","Bungo","Teluk Pandak",1,"Rubber",2018
"1086",678,"Sirih Hutan","5","Bungo","Teluk Pandak",1,"Rubber",2018
"1087",678,"Daun Jati","2","Bungo","Teluk Pandak",1,"Rubber",2018
"1088",678,"Bunga Hitam","2","Bungo","Teluk Pandak",1,"Rubber",2018
"1089",678,"Bunga Merah","5","Bungo","Teluk Pandak",1,"Rubber",2018
"1090",678,"Daun Rambutan","3","Bungo","Teluk Pandak",1,"Rubber",2018
"1091",678,"Daun Bergerigi","11","Bungo","Teluk Pandak",1,"Rubber",2018
"1092",678,"daun jelutung","9","Bungo","Teluk Pandak",1,"Rubber",2018
"1093",681,"Asystasia gangetica","5","Bungo","Teluk Pandak",1,"Rubber",2018
"1094",681,"Axonopus compressus","24","Bungo","Teluk Pandak",1,"Rubber",2018
"1095",681,"Clidemia hirta","43","Bungo","Teluk Pandak",1,"Rubber",2018
"1096",681,"Dicranopteris linearis","483","Bungo","Teluk Pandak",1,"Rubber",2018
"1097",681,"Lygodium salicifolium","14","Bungo","Teluk Pandak",1,"Rubber",2018
"1098",681,"Melastoma malabathricum","3","Bungo","Teluk Pandak",1,"Rubber",2018
"1099",681,"Mussaenda frondosa","1","Bungo","Teluk Pandak",1,"Rubber",2018
"1100",681,"Ottochloa nodosa","52","Bungo","Teluk Pandak",1,"Rubber",2018
"1101",681,"Scleria ciliaris","38","Bungo","Teluk Pandak",1,"Rubber",2018
"1102",681,"Stenochlaena palustris","112","Bungo","Teluk Pandak",1,"Rubber",2018
"1103",681,"Taenitis blechnoides","5","Bungo","Teluk Pandak",1,"Rubber",2018
"1104",687,"Bauhinia semibifida","6","Bungo","Teluk Pandak",1,"Rubber",2018
"1105",687,"Clidemia hirta","23","Bungo","Teluk Pandak",1,"Rubber",2018
"1106",687,"Dicranopteris linearis","289","Bungo","Teluk Pandak",1,"Rubber",2018
"1107",687,"Lantana camara","1","Bungo","Teluk Pandak",1,"Rubber",2018
"1108",687,"LN: Salung","1","Bungo","Teluk Pandak",1,"Rubber",2018
"1109",687,"Melastoma malabathricum","3","Bungo","Teluk Pandak",1,"Rubber",2018
"1110",687,"Mussaenda frondosa","8","Bungo","Teluk Pandak",1,"Rubber",2018
"1111",687,"Scleria sumatrensis","15","Bungo","Teluk Pandak",1,"Rubber",2018
"1112",687,"Ubi racun/arang","1","Bungo","Teluk Pandak",1,"Rubber",2018
"1113",687,"Rothmannia macrophylla","42","Bungo","Teluk Pandak",1,"Rubber",2018
"1114",687,"Batang Daun Berbulu","1","Bungo","Teluk Pandak",1,"Rubber",2018
"1115",687,"Endospermum diadenum","1","Bungo","Teluk Pandak",1,"Rubber",2018
"1116",687,"Daun Ribu Ribu","1","Bungo","Teluk Pandak",1,"Rubber",2018
"1117",690,"Axonopus compressus","22","Bungo","Tenam",2,"Rubber",2018
"1118",690,"Clidemia hirta","349","Bungo","Tenam",2,"Rubber",2018
"1119",690,"Dicranopteris linearis","736","Bungo","Tenam",2,"Rubber",2018
"1120",690,"Imperata cylindrica","31","Bungo","Tenam",2,"Rubber",2018
"1121",690,"LN: Kaca Kacang","9","Bungo","Tenam",2,"Rubber",2018
"1122",690,"LN: Lengkuas","4","Bungo","Tenam",2,"Rubber",2018
"1123",690,"LN: Plangas","2","Bungo","Tenam",2,"Rubber",2018
"1124",690,"Melastoma malabathricum","104","Bungo","Tenam",2,"Rubber",2018
"1125",690,"Scleria ciliaris","22","Bungo","Tenam",2,"Rubber",2018
"1126",690,"Scleria sumatrensis","46","Bungo","Tenam",2,"Rubber",2018
"1127",690,"Paku Wayang","8","Bungo","Tenam",2,"Rubber",2018
"1128",690,"Batang Daun Berbulu","3","Bungo","Tenam",2,"Rubber",2018
"1129",698,"Adiantum latifolium","284","Bungo","Tenam",2,"Rubber",2018
"1130",698,"Clidemia hirta","34","Bungo","Tenam",2,"Rubber",2018
"1131",698,"Hevea Brasiliensis","1","Bungo","Tenam",2,"Rubber",2018
"1132",698,"Melastoma malabathricum","1","Bungo","Tenam",2,"Rubber",2018
"1133",698,"Scleria ciliaris","42","Bungo","Tenam",2,"Rubber",2018
"1134",698,"Taenitis blechnoides","2","Bungo","Tenam",2,"Rubber",2018
"1135",698,"Pohon Pelagas","12","Bungo","Tenam",2,"Rubber",2018
"1136",698,"Pohon Seribu","2","Bungo","Tenam",2,"Rubber",2018
"1137",698,"Medang Peraweh","1","Bungo","Tenam",2,"Rubber",2018
"1138",698,"Endospermum diadenum","1","Bungo","Tenam",2,"Rubber",2018
